SNP,chr_name,chrom_start,Effect_allele,Other_allele,Freq_effect_allele,BETA,SE,pval.exposure,N
rs12044597,1,1708801,A,G,0.4971,-0.0143,0.0016,1.70E-18,789125
rs7535528,1,2444414,A,G,0.3741,-0.0152,0.0018,1.40E-16,632868
rs6577584,1,6715390,T,G,0.6537,-0.0131,0.0018,3.70E-13,691824
rs7556169,1,8741401,A,G,0.3857,-0.0103,0.0018,5.40E-09,692527
rs10779751,1,11284336,A,G,0.2744,0.0139,0.0018,2.50E-14,794997
rs17448682,1,15966713,T,C,0.2372,0.0099,0.002,1.10E-06,690680
rs696606,1,16828640,A,G,0.5237,0.0095,0.0018,1.10E-07,660690
rs761423,1,17301672,T,C,0.55,0.0113,0.0017,5.50E-11,692545
rs3762396,1,19510394,A,G,0.3846,0.0073,0.0017,1.10E-05,795206
rs967605,1,23399932,T,C,0.8334,-0.0192,0.0023,1.70E-16,691316
rs785278,1,33307987,A,T,0.1771,-0.0159,0.0023,2.80E-12,690853
rs4653017,1,33776728,T,C,0.6818,0.0122,0.0018,4.50E-11,686378
rs9426003,1,34602870,A,G,0.2952,-0.0116,0.0019,1.40E-09,682054
rs11583122,1,38053458,T,C,0.07905,0.0182,0.003,7.40E-10,784393
rs2282231,1,39569571,T,C,0.2249,0.0165,0.0021,4.80E-15,689443
rs346722,1,45620134,T,C,0.1153,-0.0027,0.0029,0.33,521901
rs946526,1,46487168,T,C,0.04332,-0.0314,0.0043,1.70E-13,674813
rs2275426,1,46487552,A,G,0.4338,0.0104,0.0016,2.00E-10,795468
rs6700838,1,47700027,T,C,0.5959,-0.017,0.0017,2.50E-22,690255
rs7531656,1,49828663,A,G,0.3246,0.0195,0.0017,7.40E-29,794253
rs2356865,1,50836334,T,C,0.295,-0.0114,0.0019,1.60E-09,691741
rs2481665,1,62594677,T,C,0.5592,0.0161,0.0016,7.20E-23,795247
rs11208662,1,65987164,C,G,0.0884,0.0209,0.0031,2.00E-11,691220
rs7531118,1,72837239,T,C,0.4604,-0.0256,0.0016,3.60E-54,781714
rs2590942,1,72885281,T,G,0.8165,0.0293,0.002,1.20E-46,793971
rs12042908,1,74997762,A,G,0.4362,0.0184,0.0016,1.40E-29,794074
rs12035349,1,77557339,A,G,0.8705,-0.0188,0.0026,1.10E-12,666990
rs17391694,1,78623626,T,C,0.1189,0.0317,0.0025,7.50E-38,767720
rs2154297,1,80791708,T,C,0.7121,-0.0115,0.0019,1.20E-09,690841
rs284227,1,82379446,T,C,0.7448,-0.0147,0.0019,3.50E-15,792227
rs6690764,1,92976590,A,G,0.7916,-0.0154,0.0022,6.30E-12,733760
rs1973993,1,96943994,T,C,0.4096,-0.0208,0.0017,4.70E-33,692549
rs2030342,1,97388226,T,C,0.5749,0.0143,0.0017,1.90E-16,686857
rs4372296,1,98320492,A,C,0.7714,-0.0133,0.002,7.60E-11,691179
rs1158103,1,101024370,A,G,0.5558,-0.009,0.0017,2.00E-07,688665
rs1730859,1,107617707,A,G,0.6584,-0.0118,0.0017,1.10E-11,788691
rs12035149,1,107885018,C,G,0.777,-0.0146,0.0021,3.90E-12,691352
rs17531363,1,107977075,A,C,0.6967,0.0133,0.0019,2.00E-12,687883
rs7550711,1,110082886,T,C,0.03058,0.0649,0.005,3.20E-38,769184
rs3768486,1,110123971,A,G,0.8235,-0.0096,0.0021,5.70E-06,793120
rs12033257,1,112318484,A,G,0.6165,0.0146,0.0018,2.40E-15,664083
rs12731372,1,118852975,T,C,0.2322,0.0116,0.0019,1.20E-09,791320
rs10923724,1,119546842,T,C,0.5725,-0.0118,0.0016,6.40E-13,789514
rs6587552,1,151018861,A,G,0.2409,0.0173,0.002,1.60E-17,689723
rs905938,1,154991389,T,C,0.7325,-0.0149,0.0019,1.20E-15,795227
rs11577179,1,155983710,A,G,0.3721,-0.0108,0.0017,1.50E-10,790199
rs10733051,1,167280354,A,G,0.5198,0.0097,0.0016,2.90E-09,781928
rs912768,1,173473713,C,G,0.4021,0.0043,0.0017,0.013,690979
rs12039524,1,173549827,A,G,0.1752,0.0011,0.0023,0.63,690240
rs11803119,1,174002465,A,T,0.01824,-0.0012,0.0071,0.87,662659
rs6681627,1,174126742,A,C,0.1524,0.0025,0.0025,0.3,664345
rs12564992,1,174478100,A,G,0.8856,-0.0196,0.0026,5.30E-14,795119
rs6700816,1,174883994,A,T,0.96814,0.0345,0.0051,8.90E-12,686392
rs11590474,1,174972588,T,C,0.792,-0.005,0.0021,0.018,685475
rs17302346,1,174983543,T,C,0.97644,-0.0201,0.0065,0.0021,632182
rs543874,1,177889480,A,G,0.8048,-0.0475,0.002,1.20E-122,795504
rs10920678,1,190239907,A,G,0.4291,0.0155,0.0016,1.50E-21,788624
rs12041258,1,195047936,T,C,0.7713,0.0146,0.002,9.50E-13,688602
rs10754210,1,197012111,A,G,0.3107,-0.0123,0.0018,3.20E-11,692251
rs2820311,1,201841476,A,G,0.6631,-0.0235,0.0018,4.10E-38,691876
rs9077,1,202116238,A,G,0.33,-0.0138,0.0019,3.50E-13,663139
rs823074,1,205774839,T,C,0.5884,0.0112,0.0017,1.60E-10,689143
rs17014375,1,209543560,T,G,0.8652,-0.0172,0.0025,1.10E-11,690856
rs11118308,1,219633869,A,G,0.5297,0.0101,0.0016,4.80E-10,794625
rs10915840,1,225668524,A,G,0.283,-0.0118,0.0019,1.30E-09,684857
rs2491864,1,242986063,A,G,0.215,0.0137,0.0021,7.30E-11,690625
rs12042959,1,243533273,A,G,0.8495,0.0144,0.0024,3.40E-09,685384
rs3753549,1,243722892,T,C,0.8563,-0.0203,0.0025,1.70E-15,691062
rs6548221,2,295255,A,G,0.2246,0.0151,0.002,1.70E-14,795394
rs4639527,2,416815,A,G,0.6988,-0.0172,0.0019,3.30E-20,691706
rs2724861,2,471514,A,G,0.5645,-0.0092,0.0017,3.40E-08,780412
rs7425440,2,512490,T,C,0.1942,0.0104,0.0021,4.50E-07,793204
rs2974255,2,516696,A,G,0.2285,0.0092,0.002,4.00E-06,778107
rs4854326,2,603088,A,G,0.7127,-0.0019,0.0019,0.31,691927
rs13021737,2,632348,A,G,0.1681,-0.0574,0.0021,7.50E-157,789534
rs3922853,2,5830599,A,C,0.1728,0.0123,0.0023,1.20E-07,635146
rs10929925,2,6155557,A,C,0.4301,-0.0143,0.0016,1.80E-18,787036
rs7607490,2,12851120,A,G,0.1083,0.0148,0.0028,7.30E-08,690798
rs10182181,2,25150296,A,G,0.5247,-0.0325,0.0016,6.70E-90,792111
rs4372836,2,28973883,T,C,0.3034,0.0142,0.0018,7.30E-16,794417
rs17327461,2,35512183,T,C,0.4498,0.0125,0.0016,1.50E-14,792231
rs4670626,2,37046657,T,C,0.3572,-0.0113,0.0018,4.90E-10,681157
rs6713781,2,40291940,C,G,0.4136,-0.0123,0.0018,3.80E-12,674261
rs17035438,2,46878616,A,G,0.09384,0.0199,0.003,3.30E-11,683944
rs7561278,2,48954905,T,C,0.786,0.0159,0.0021,5.70E-14,677253
rs930295,2,50233352,A,C,0.1583,0.0211,0.0023,1.00E-19,690522
rs7598402,2,50735943,C,G,0.51,0.0122,0.0017,2.10E-12,673277
rs2194385,2,50865334,A,C,0.4788,0.0091,0.0017,1.30E-07,684190
rs968972,2,51171962,A,G,0.641,0.0089,0.0018,9.00E-07,688147
rs10168197,2,51834839,C,G,0.2004,-0.0113,0.0021,1.30E-07,689662
rs7601895,2,55281901,C,G,0.7043,0.0149,0.0019,1.70E-15,679924
rs13432055,2,56603985,T,C,0.7141,-0.0117,0.0018,8.90E-11,790223
rs6753170,2,58481863,T,C,0.3731,-0.0031,0.0018,0.084,683741
rs929641,2,58792377,A,G,0.5837,0.015,0.0016,4.80E-20,793752
rs4671328,2,58935282,T,G,0.4467,0.0219,0.0017,2.20E-36,679487
rs6545714,2,59307725,A,G,0.6139,-0.0191,0.0017,9.10E-31,793368
rs4671358,2,60164634,A,T,0.5961,0.0101,0.0017,6.70E-09,688514
rs980329,2,60285100,T,C,0.7516,-0.0133,0.002,2.50E-11,692518
rs12713433,2,61307982,T,C,0.7927,0.0088,0.0021,4.00E-05,692534
rs10190332,2,61619267,T,G,0.6127,0.0037,0.0019,0.054,527668
rs13417156,2,62848319,T,C,0.5639,-0.0144,0.0017,2.60E-17,741230
rs2902021,2,67825685,T,C,0.194,0.0136,0.0031,7.90E-06,677609
rs7607351,2,69562127,T,C,0.5807,0.0119,0.0017,8.40E-12,685674
rs934515,2,79482643,A,G,0.1178,0.0185,0.0027,7.60E-12,686026
rs984902,2,81358877,A,T,0.8845,0.0113,0.0027,2.20E-05,692068
rs1371108,2,81816251,A,C,0.3247,0.0119,0.0018,9.00E-11,684620
rs7557796,2,86766153,T,C,0.3476,0.016,0.0018,2.30E-19,692414
rs4303732,2,100830040,T,C,0.6026,0.0144,0.0017,2.20E-16,691017
rs12615778,2,102436738,A,G,0.6942,0.0104,0.0019,3.90E-08,684324
rs10203277,2,103496700,A,G,0.1324,0.0044,0.0025,0.087,690127
rs6711584,2,104421692,A,G,0.454,0.0128,0.0017,2.20E-13,680384
rs1451533,2,105466005,A,G,0.273,0.0167,0.0019,1.00E-17,680795
rs4676084,2,110010962,A,G,0.4101,0.0098,0.0017,1.80E-08,685747
rs902695,2,113955074,A,G,0.4798,-0.0103,0.0017,2.20E-09,678635
rs17551974,2,142293146,A,C,0.1782,-0.0141,0.0022,1.90E-10,691115
rs2890652,2,142959931,T,C,0.8241,-0.017,0.0023,2.50E-13,674785
rs6710871,2,143960593,A,G,0.1418,0.0179,0.0024,1.00E-13,741157
rs7560871,2,145616899,A,G,0.07332,0.0218,0.0034,9.60E-11,691571
rs453520,2,147907202,T,C,0.5834,-0.015,0.0017,7.00E-18,689483
rs16828086,2,151198990,C,G,0.617,0.0103,0.0018,1.00E-08,675913
rs7600699,2,156018263,C,G,0.8421,-0.0149,0.0024,6.40E-10,691202
rs6738445,2,172599615,T,C,0.2836,-0.0133,0.0018,1.90E-13,787966
rs10930641,2,175000711,A,G,0.5911,-0.0137,0.0017,3.60E-15,690575
rs9630985,2,181607676,A,C,0.3244,-0.0177,0.0018,4.40E-22,690619
rs993954,2,188325474,T,G,0.5715,0.0084,0.0017,1.20E-06,689310
rs919433,2,198166565,A,G,0.359,0.0036,0.0018,0.045,685331
rs10497807,2,198585087,C,G,0.5203,-0.011,0.0016,1.50E-11,780080
rs12991989,2,199169278,C,G,0.5189,0.0035,0.0017,0.045,684760
rs7564679,2,204012790,A,G,0.4284,-0.0116,0.0016,1.30E-12,792149
rs12694021,2,206084372,A,C,0.4481,0.0106,0.0017,1.00E-09,690963
rs972540,2,207244783,A,G,0.7272,-0.013,0.0018,8.00E-13,794958
rs17203016,2,208255518,A,G,0.804,-0.015,0.002,2.10E-13,786272
rs4673553,2,211608379,T,G,0.5438,-0.0142,0.0017,2.10E-16,686078
rs1437929,2,211983316,A,G,0.2878,0.0135,0.0019,9.90E-13,690871
rs7599312,2,213413231,A,G,0.2652,-0.0186,0.0019,6.90E-24,780823
rs7607369,2,219279097,A,G,0.4387,0.0117,0.0016,9.30E-13,790384
rs11889536,2,220163543,A,G,0.8507,0.0189,0.0024,6.40E-15,688977
rs12479233,2,228891702,A,T,0.4874,-0.0121,0.0017,1.60E-12,692419
rs10211055,2,229016917,T,C,0.6544,-0.0157,0.0018,7.20E-18,686577
rs6720868,2,230663576,T,C,0.3286,0.0155,0.0018,5.10E-17,691649
rs10510321,3,6009092,T,C,0.2027,0.0114,0.0021,9.60E-08,685852
rs1554193,3,8138801,A,T,0.4711,-0.0103,0.0017,4.40E-09,686046
rs3915844,3,9514856,A,G,0.1428,0.0152,0.0025,2.20E-09,692229
rs1899951,3,12394840,T,C,0.1314,0.017,0.0024,3.10E-12,795281
rs580438,3,13345450,T,C,0.3319,0.0114,0.0018,6.50E-10,684407
rs11128760,3,15873407,A,G,0.4026,0.011,0.0017,3.10E-10,690962
rs4858193,3,20441050,T,C,0.7221,0.0129,0.0019,1.60E-11,686850
rs11711337,3,21794904,A,T,0.7161,-0.0104,0.0019,6.20E-08,687496
rs6804842,3,25106437,A,G,0.428,-0.0156,0.0017,3.60E-21,789179
rs6786125,3,28727523,C,G,0.8191,-0.012,0.0022,1.10E-07,689715
rs10865858,3,34700713,T,C,0.5983,0.0092,0.0017,1.60E-07,691886
rs2047632,3,37153431,C,G,0.97258,-0.0253,0.0052,1.30E-06,688132
rs9814633,3,41310470,A,G,0.3434,0.0122,0.0018,2.10E-11,691120
rs10460960,3,42308735,A,G,0.8876,0.0197,0.0025,8.10E-15,793248
rs28350,3,42418446,A,G,0.193,0.0177,0.0022,3.50E-15,686689
rs6442021,3,46742019,T,C,0.3964,-0.009,0.0017,8.50E-08,777197
rs6442101,3,48130893,T,C,0.6817,-0.0117,0.0017,2.50E-11,795233
rs3731544,3,48207997,A,C,0.07127,0.0214,0.0031,7.50E-12,776530
rs17080319,3,48732480,T,C,0.8794,0.0109,0.0026,3.10E-05,692606
rs9846123,3,49088112,T,C,0.3539,-0.0011,0.0018,0.54,692518
rs12637576,3,49237334,T,C,0.6172,0.0024,0.0018,0.19,637822
rs2230929,3,49343175,A,G,0.1689,-0.0048,0.0023,0.042,637221
rs2230590,3,49936102,T,C,0.4925,-0.0239,0.0017,4.10E-44,692189
rs12631248,3,50080174,C,G,0.92236,-0.0253,0.003,3.00E-17,793598
rs2236950,3,50420554,A,C,0.1846,-0.0077,0.0022,0.00062,692366
rs9838283,3,50820486,A,G,0.7978,0.0161,0.0026,1.00E-09,692402
rs9827072,3,51184893,A,G,0.1235,-0.0114,0.0031,0.00024,669035
rs13095652,3,51243837,T,C,0.4375,-0.0085,0.0018,1.30E-06,675642
rs11929028,3,51754424,T,G,0.07519,0.0174,0.0033,1.40E-07,675947
rs3821841,3,52084040,T,C,0.08016,-0.0157,0.0033,1.60E-06,669848
rs2710323,3,52815905,T,C,0.5196,-0.0141,0.0016,4.80E-18,790805
rs2680648,3,53777176,T,C,0.765,0.016,0.002,3.80E-15,686125
rs12488237,3,56114861,T,C,0.94773,-0.0235,0.0036,4.50E-11,787551
rs2365389,3,61236462,T,C,0.4143,-0.0174,0.0017,1.30E-25,783625
rs1452075,3,62481063,T,C,0.7277,0.0141,0.0018,1.30E-14,783729
rs925018,3,62713143,C,G,0.6765,-0.013,0.0018,1.40E-13,792062
rs11915371,3,70539559,A,C,0.7962,-0.0149,0.0021,2.60E-12,690829
rs775731,3,77624784,T,C,0.5878,-0.0108,0.0017,6.60E-10,684541
rs3849570,3,81792112,A,C,0.3414,0.0132,0.0017,3.30E-14,750266
rs10511093,3,83763541,T,C,0.07425,-0.0228,0.0034,1.10E-11,692481
rs1375561,3,85658230,T,C,0.6536,0.0173,0.0017,3.10E-24,782697
rs2122042,3,85866335,T,G,0.2056,0.0235,0.002,2.30E-31,793383
rs12638746,3,89331055,A,G,0.3416,-0.0092,0.0018,5.10E-07,681758
rs9832305,3,89392778,T,C,0.7199,-0.0073,0.0019,0.00017,678660
rs6551410,3,89442305,A,T,0.4194,0.0028,0.0018,0.12,668900
rs6803870,3,89443784,T,C,0.1591,0.0084,0.0024,0.00032,701791
rs9714342,3,90428286,T,C,0.4231,-0.0151,0.0019,6.10E-15,524851
rs1454687,3,94038085,C,G,0.4773,0.0202,0.0017,5.20E-32,692324
rs1436343,3,104606130,A,G,0.4078,-0.0141,0.0017,7.30E-16,692012
rs13321566,3,107342662,A,G,0.8159,-0.0135,0.0023,4.70E-09,691569
rs7640424,3,107820063,T,C,0.2969,-0.0136,0.0018,2.30E-14,790612
rs4273371,3,108119071,T,C,0.5016,-0.0115,0.0016,1.20E-12,794363
rs17681451,3,114399296,A,G,0.08384,-0.0197,0.0031,3.50E-10,692317
rs16823670,3,115071668,A,G,0.97188,0.0261,0.0052,4.40E-07,678580
rs3772934,3,115417865,T,C,0.2826,0.0103,0.0019,1.00E-07,674038
rs6804181,3,116937546,A,T,0.8213,0.0153,0.0023,5.50E-11,687538
rs4624596,3,119571541,T,C,0.8149,0.0136,0.0023,2.20E-09,691079
rs2124499,3,123093541,C,G,0.3718,-0.0123,0.0017,3.40E-13,785955
rs1909586,3,124687767,T,G,0.5975,-0.0106,0.0018,4.80E-09,676854
rs9809534,3,125189782,C,G,0.8769,0.0164,0.0026,2.30E-10,692357
rs1320903,3,131758077,A,G,0.3174,0.0216,0.0018,9.20E-32,691519
rs10935143,3,134665159,A,G,0.4535,-0.0109,0.0017,2.80E-10,688983
rs9289499,3,135484734,T,C,0.8965,-0.0031,0.0028,0.27,679548
rs1014312,3,135621417,C,G,0.5641,0.0018,0.0017,0.3,686402
rs6786582,3,135898984,T,C,0.7255,-0.0159,0.0018,7.50E-18,791202
rs17199978,3,136056184,A,G,0.9026,0.0025,0.0029,0.39,692337
rs181732,3,136744386,T,G,0.4198,-0.0019,0.0017,0.28,686436
rs9881036,3,136845666,A,G,0.6653,-0.0035,0.0017,0.044,787623
rs4678297,3,136907111,T,C,0.3003,0.0043,0.0019,0.024,680675
rs1600136,3,136979939,A,C,0.806,-0.0081,0.0021,0.00011,783350
rs7616371,3,137047387,A,G,0.93154,-0.0022,0.0033,0.51,775912
rs4342060,3,137215820,T,C,0.8089,-0.0051,0.0022,0.02,685895
rs16851483,3,141275436,T,G,0.06928,0.0369,0.0035,3.20E-26,692316
rs355777,3,154034950,C,G,0.4106,0.0153,0.0017,1.40E-18,689978
rs7615297,3,156299313,C,G,0.8535,0.0149,0.0024,5.70E-10,689710
rs6767619,3,156893782,C,G,0.345,0.0119,0.0018,8.10E-11,691865
rs827092,3,157985182,T,C,0.5831,0.0129,0.0017,1.10E-13,692482
rs5396,3,170744815,T,C,0.7235,-0.0154,0.0018,3.00E-17,785408
rs13085472,3,171129859,T,C,0.3479,0.0098,0.0018,8.80E-08,687974
rs39654,3,173095123,A,G,0.4453,-0.0145,0.0017,6.50E-17,687774
rs1454148,3,176341188,T,C,0.2668,0.0106,0.0019,4.60E-08,691136
rs6443750,3,181329682,T,C,0.1932,-0.0148,0.0021,3.20E-12,776837
rs262956,3,183486117,T,G,0.3472,0.0125,0.0018,6.10E-12,686884
rs2293605,3,184044433,T,C,0.1307,-0.0167,0.0027,3.60E-10,668940
rs9816226,3,185834499,A,T,0.1801,-0.0323,0.0021,1.60E-52,778333
rs13072095,3,193639623,T,C,0.6656,0.0095,0.0017,3.00E-08,795578
rs6764533,3,196088464,A,G,0.359,0.0116,0.0018,1.40E-10,690832
rs4524456,4,6492739,A,G,0.5237,-0.0086,0.0017,6.00E-07,688219
rs7692088,4,10491040,C,G,0.5245,0.0074,0.0017,1.80E-05,688149
rs6818414,4,16600664,T,C,0.508,-0.0097,0.0017,1.60E-08,685947
rs1477887,4,18514827,A,G,0.4567,-0.0138,0.0017,2.00E-15,679023
rs1323068,4,20263058,A,G,0.3207,-0.0114,0.0018,6.90E-10,691801
rs9291467,4,25428296,T,C,0.4625,0.014,0.0017,6.70E-16,688636
rs6448587,4,28561990,A,C,0.8109,0.0167,0.0023,2.30E-13,691097
rs1345148,4,30843533,T,C,0.6034,-0.0111,0.0017,2.50E-10,691590
rs1000096,4,38692835,T,C,0.3801,-0.0144,0.0018,1.80E-15,656860
rs1866510,4,44514468,T,C,0.3498,-0.0105,0.0018,8.10E-09,691901
rs10938397,4,45182527,A,G,0.5683,-0.0324,0.0016,3.40E-86,793518
rs2768950,4,49064487,A,G,0.2507,0.0116,0.0019,7.50E-10,754826
rs711347,4,52926216,A,T,0.7489,-0.0122,0.0019,4.50E-10,688432
rs1492767,4,55221467,T,C,0.4957,0.0094,0.0016,1.00E-08,794161
rs2192158,4,55505360,A,G,0.4601,0.0129,0.0017,8.30E-14,690727
rs925421,4,60253877,A,G,0.2657,0.0116,0.002,5.80E-09,674423
rs11945861,4,65700865,A,G,0.2369,-0.0148,0.002,5.00E-13,682451
rs7674623,4,80794681,T,C,0.1976,0.0135,0.0022,5.70E-10,685776
rs4148155,4,89054667,A,G,0.8873,0.0188,0.0026,5.00E-13,794889
rs1903579,4,91253956,C,G,0.5502,0.0111,0.0017,1.10E-10,690564
rs2850969,4,102183594,T,C,0.8573,-0.0165,0.0024,1.30E-11,691825
rs7377083,4,102708997,A,C,0.4357,0.02,0.0018,1.40E-27,621633
rs13107325,4,103188709,T,C,0.07373,0.047,0.0032,1.10E-47,792045
rs6843738,4,103936001,A,G,0.329,-0.0107,0.0017,7.20E-10,792315
rs326889,4,112713436,T,C,0.3928,-0.0129,0.0018,2.40E-13,688030
rs7694732,4,115124089,A,G,0.5622,0.0099,0.0017,8.70E-09,690622
rs1403846,4,119101723,T,C,0.8278,0.0116,0.0021,6.40E-08,787537
rs4864201,4,130731284,T,C,0.3531,0.0141,0.0017,1.50E-16,795263
rs1296328,4,137083193,A,C,0.4343,0.0179,0.0018,4.90E-24,683488
rs769674,4,140881964,A,T,0.6781,0.0135,0.0018,2.20E-13,685942
rs331949,4,143663206,T,C,0.6266,-0.011,0.0017,1.00E-10,787844
rs1455137,4,145986668,A,C,0.6197,-0.0106,0.0017,4.40E-10,792826
rs11736228,4,147376805,A,T,0.7413,0.0139,0.002,4.10E-12,691580
rs6827083,4,153075491,A,G,0.5691,-0.0097,0.0016,4.80E-09,794577
rs13110266,4,162129844,A,G,0.4065,-0.0117,0.0017,1.90E-12,791087
rs17538472,4,163038241,T,C,0.1908,0.0129,0.0022,4.20E-09,675963
rs1522569,4,171632637,T,G,0.8181,0.0164,0.0022,2.90E-13,689573
rs7683836,4,180167906,A,G,0.5405,-0.0114,0.0017,6.30E-11,686968
rs4518345,5,27185904,A,G,0.2842,-0.0117,0.0019,1.00E-09,688609
rs7730004,5,43191033,T,C,0.6693,0.0148,0.0018,9.10E-16,690164
rs12189178,5,50914726,T,C,0.03783,0.0364,0.0046,2.20E-15,789640
rs6879326,5,59208302,T,C,0.4953,-0.0098,0.0017,1.30E-08,690684
rs6449531,5,60712212,A,G,0.3537,-0.0127,0.0018,2.10E-12,691940
rs6888159,5,63932234,C,G,0.6828,0.0114,0.0018,5.80E-10,691415
rs2367112,5,64168193,T,G,0.5081,0.0119,0.0016,2.30E-13,794305
rs25832,5,66175682,A,G,0.732,0.0118,0.0019,9.20E-10,692083
rs2307111,5,75003678,T,C,0.6038,0.0265,0.0016,1.60E-58,795430
rs368863,5,77372852,T,C,0.2393,-0.0117,0.002,8.10E-09,683807
rs12514473,5,80818639,T,C,0.7687,0.0167,0.002,8.80E-17,692548
rs17591778,5,86420392,A,G,0.2333,0.0075,0.0021,3.00E-04,685869
rs7702514,5,86727027,T,C,0.1731,-0.0016,0.0023,0.47,684516
rs186543,5,86754835,C,G,0.5646,-0.008,0.0018,5.50E-06,682722
rs17285919,5,86908920,T,C,0.1262,4.00E-04,0.0026,0.88,679214
rs1423627,5,87125578,T,C,0.7788,0.0059,0.0021,0.0063,678355
rs710355,5,87159003,C,G,0.05478,-0.0068,0.0038,0.077,676206
rs7444298,5,87730027,A,G,0.7539,0.0179,0.002,7.80E-19,691820
rs13175892,5,87866793,T,C,0.97609,-0.0215,0.0054,6.20E-05,663251
rs4916661,5,87932809,T,G,0.3623,-0.0034,0.0018,0.063,688639
rs2098618,5,87934851,A,T,0.0708,-0.0102,0.0034,0.0026,657277
rs2304607,5,87988733,A,G,0.852,-0.032,0.0025,1.70E-36,684918
rs10037047,5,88219964,A,G,0.8354,-0.0056,0.0023,0.016,680227
rs12655756,5,88858208,A,T,0.3697,0.0138,0.0018,1.90E-14,685091
rs159032,5,94206202,T,C,0.2439,0.0129,0.002,1.90E-10,682583
rs6235,5,95728898,C,G,0.7298,-0.0175,0.0019,1.50E-19,691708
rs2611742,5,95856501,T,C,0.5961,-0.0152,0.0017,3.70E-18,691646
rs174415,5,95933162,A,T,0.5253,-2.00E-04,0.0017,0.91,677816
rs3822683,5,96080883,A,G,0.7813,0.0145,0.0021,6.10E-12,684509
rs7710595,5,106506697,A,C,0.534,0.0101,0.0017,5.00E-09,689024
rs40067,5,107439012,A,G,0.1713,-0.0266,0.0023,7.10E-30,681695
rs6595205,5,119372533,C,G,0.4695,0.0114,0.0016,2.00E-12,794525
rs7711753,5,122733317,A,G,0.4356,-0.0134,0.0016,3.40E-16,794802
rs6877851,5,130356413,C,G,0.2345,-0.0125,0.002,8.80E-10,685857
rs329124,5,133865452,A,G,0.5767,0.0131,0.0017,5.30E-14,690757
rs13163306,5,136571959,A,G,0.4745,-0.0094,0.0017,5.40E-08,690998
rs7716275,5,137631073,T,G,0.1933,-0.0132,0.0021,2.20E-10,781833
rs160401,5,138061341,T,C,0.6951,0.0062,0.0019,0.0011,688395
rs4643949,5,138372345,T,C,0.3665,-1.00E-04,0.0019,0.94,528920
rs13174863,5,139080745,A,G,0.8452,-0.0192,0.0023,2.90E-16,773762
rs3844598,5,140992235,A,G,0.479,-0.0095,0.0017,3.80E-08,690704
rs254428,5,141777439,T,G,0.5797,0.0081,0.0017,1.50E-06,774996
rs2190788,5,144484261,T,G,0.3106,0.0141,0.0019,2.90E-14,683650
rs10066835,5,151254297,T,C,0.01637,0.0428,0.0074,6.50E-09,662130
rs12659802,5,152274478,A,G,0.7046,0.0089,0.0018,7.50E-07,794156
rs10035289,5,153095918,A,G,0.4739,0.0085,0.0017,8.20E-07,689769
rs7715256,5,153537893,T,G,0.5781,-0.0166,0.0016,2.20E-24,795302
rs1650586,5,157516393,T,G,0.0977,0.0134,0.0028,1.30E-06,786730
rs17056301,5,158271680,T,C,0.7364,-0.0118,0.002,2.40E-09,688085
rs7727781,5,165185571,T,C,0.5205,0.0097,0.0017,1.90E-08,683127
rs17525725,5,167293652,A,G,0.454,-0.0083,0.0017,2.30E-06,679540
rs248139,5,167352783,A,G,0.1933,0.0133,0.0022,1.20E-09,683675
rs1014194,5,168192944,A,C,0.6434,0.0102,0.0018,1.80E-08,686107
rs7730898,5,170459675,A,G,0.729,0.0168,0.0018,4.50E-20,792975
rs9463175,6,9510030,T,C,0.3483,-0.0108,0.0017,4.20E-10,771669
rs9396763,6,9952059,A,C,0.2201,0.0089,0.0021,2.40E-05,684286
rs2228213,6,12124855,A,G,0.3481,-0.0139,0.0017,4.60E-16,795595
rs9367368,6,13189275,T,C,0.6967,0.0121,0.0018,1.00E-11,786723
rs2842385,6,19078274,A,G,0.8019,-0.012,0.0022,3.40E-08,689031
rs9460306,6,19211776,T,C,0.09056,0.0136,0.0031,8.50E-06,691559
rs11753081,6,20705590,T,G,0.8251,0.0138,0.0021,8.90E-11,790084
rs7760082,6,21919387,A,G,0.6646,-0.0122,0.0018,2.90E-11,690649
rs6900723,6,23876240,T,C,0.676,-0.0112,0.0018,1.40E-09,690104
rs13207082,6,27251379,A,G,0.91587,-0.0118,0.0028,2.90E-05,691981
rs17739298,6,27293049,C,G,0.8948,0.0101,0.0028,0.00036,692334
rs760880,6,27408181,T,G,0.6364,-0.0027,0.0017,0.1,795087
rs6908295,6,27527205,A,C,0.7975,-0.0058,0.0025,0.022,593900
rs200968,6,27859568,T,C,0.8361,-0.0025,0.0021,0.23,795566
rs3734572,6,28059458,T,C,0.95405,-0.0166,0.004,3.80E-05,786251
rs853679,6,28296863,A,C,0.1407,0.0134,0.0022,2.80E-09,792572
rs3819299,6,31322367,T,G,0.90657,0.0187,0.0035,1.40E-07,758228
rs498240,6,31892592,A,G,0.0656,-0.0267,0.0033,1.60E-15,679278
rs419261,6,33554147,T,C,0.4042,0.0106,0.0017,1.90E-10,792747
rs2814992,6,34617144,A,G,0.6599,-0.0245,0.0017,4.10E-45,794002
rs12215331,6,34644749,T,C,0.7864,0.0177,0.002,4.30E-18,758914
rs6938239,6,34683635,A,G,0.8504,-0.0271,0.0025,2.40E-28,691202
rs2140418,6,34975415,T,C,0.1996,0.0107,0.0022,1.90E-06,631778
rs820077,6,35033854,A,G,0.8091,-0.0064,0.0022,0.0032,692106
rs3807049,6,35512955,T,C,0.2736,-0.0035,0.0019,0.071,685765
rs17542466,6,35614744,A,G,0.7715,0.0053,0.002,0.0092,687582
rs1475774,6,35619554,A,G,0.02251,0.0257,0.0058,9.80E-06,669802
rs9394312,6,35672330,C,G,0.4917,0.0109,0.0017,2.30E-10,691704
rs9470086,6,35709678,A,C,0.01701,0.0243,0.0068,0.00034,738213
rs17757975,6,38214150,T,C,0.8518,0.0143,0.0024,4.20E-09,690716
rs847747,6,40080069,T,G,0.2964,-0.0113,0.0019,2.10E-09,685794
rs2033529,6,40348653,A,G,0.7064,-0.0205,0.0018,1.90E-30,792112
rs7748777,6,41133806,A,G,0.4587,0.0105,0.0016,1.60E-10,790069
rs9349239,6,42676480,A,G,0.492,0.0122,0.0017,1.30E-12,687917
rs998584,6,43757896,A,C,0.4775,-0.0131,0.0017,1.30E-14,757136
rs13203286,6,49837540,T,G,0.05969,-0.005,0.0038,0.19,688204
rs11756653,6,50054296,C,G,0.90675,-0.0046,0.0032,0.15,659948
rs2295896,6,50566383,A,G,0.7602,-0.0021,0.0019,0.27,793034
rs4383818,6,50756951,T,G,0.7949,0.0088,0.0021,2.20E-05,789791
rs10456637,6,50763935,A,T,0.7406,0.0134,0.0019,4.30E-12,788067
rs987237,6,50803050,A,G,0.8197,-0.0409,0.0021,9.30E-84,795612
rs2635727,6,50820940,T,C,0.2541,-0.028,0.0019,1.30E-49,792938
rs1178060,6,50914343,A,G,0.8469,0.0193,0.0023,6.80E-17,780840
rs2252300,6,51096424,A,T,0.2076,-0.0052,0.0021,0.013,772366
rs2504674,6,51160682,C,G,0.4336,-0.0112,0.0017,1.20E-10,690877
rs9370042,6,51546123,C,G,0.1217,0.0038,0.0026,0.15,691448
rs2397061,6,51638877,T,C,0.8849,-0.0094,0.0027,0.00053,688481
rs1266922,6,51822297,A,G,0.6879,7.00E-04,0.0018,0.71,689761
rs1358808,6,51825285,C,G,0.6735,-0.0142,0.0018,9.20E-15,689176
rs6922855,6,51843542,A,G,0.532,4.00E-04,0.0017,0.81,685455
rs765332,6,51874745,T,G,0.8893,-0.0118,0.0028,2.80E-05,753766
rs4278019,6,53693410,A,T,0.2815,0.0112,0.0019,5.00E-09,691914
rs816364,6,53990465,A,G,0.6394,-0.01,0.0018,2.00E-08,692516
rs1503139,6,54724405,A,G,0.3457,-0.0059,0.0018,0.0013,692581
rs9475173,6,55013291,A,G,0.6535,0.0108,0.0019,6.60E-09,678491
rs2653365,6,55169801,T,C,0.8324,-0.0119,0.0023,2.70E-07,689811
rs1020548,6,56810539,A,G,0.8344,-0.0132,0.0023,6.60E-09,688748
rs12207241,6,57642076,A,G,0.6172,-0.0076,0.0018,2.20E-05,680683
rs4339513,6,57964315,T,C,0.90283,-0.0015,0.0032,0.64,528869
rs6459326,6,58060143,C,G,0.1727,8.00E-04,0.0026,0.76,611474
rs926279,6,58298846,A,G,0.7094,-0.0036,0.0019,0.055,725673
rs6904676,6,58705746,A,C,0.201,0.0078,0.0021,0.00023,677904
rs6922214,6,69968484,A,G,0.8434,-0.0123,0.0024,3.80E-07,683298
rs6921533,6,73742334,T,C,0.2882,0.0118,0.0019,5.60E-10,690769
rs9688431,6,73922654,T,C,0.93966,0.0231,0.0035,2.40E-11,789356
rs9294260,6,83433228,A,G,0.4731,0.0147,0.0016,1.80E-19,783533
rs13209753,6,86354442,A,G,0.9389,-0.0182,0.0036,6.00E-07,665813
rs1853639,6,87606842,A,G,0.6363,-0.0111,0.0018,1.20E-09,673714
rs9362662,6,90296588,A,G,0.4799,0.0112,0.0017,1.20E-10,683953
rs1324110,6,93913200,C,G,0.4391,-0.0103,0.0017,6.80E-10,786661
rs13203153,6,97374850,A,G,0.1863,-0.012,0.0022,6.10E-08,689935
rs13209872,6,97753223,C,G,0.3403,-0.0152,0.0018,1.40E-16,686531
rs901630,6,98539519,T,C,0.3973,-0.0146,0.0017,1.90E-18,794597
rs6919443,6,104493098,A,G,0.4163,-0.0096,0.0017,4.30E-08,691422
rs156151,6,104799007,C,G,0.1912,-0.0165,0.0021,1.90E-14,692282
rs3800229,6,108996963,T,G,0.7123,0.0175,0.0018,1.40E-22,792474
rs2357760,6,120213880,A,G,0.6754,0.0145,0.0017,6.80E-17,791053
rs2875762,6,124925032,C,G,0.2473,0.0139,0.002,1.20E-11,685199
rs13209968,6,126089285,C,G,0.5177,0.0114,0.0017,3.10E-11,692069
rs6569648,6,130349119,T,C,0.7726,-0.0126,0.0019,3.70E-11,795618
rs2781668,6,131897278,T,C,0.1612,0.0169,0.0023,4.00E-13,678717
rs13201877,6,137675541,A,G,0.8601,-0.0152,0.0024,2.70E-10,790570
rs2185027,6,153381622,A,C,0.7032,-0.0135,0.0018,5.00E-14,791606
rs10499276,6,154309808,T,C,0.1242,0.0172,0.0025,2.20E-12,794584
rs487060,6,160774459,T,C,0.4816,0.011,0.0016,1.60E-11,789650
rs13191362,6,163033350,A,G,0.8802,0.0236,0.0025,5.90E-21,792699
rs7796608,7,897847,A,G,0.8269,0.0124,0.0025,5.10E-07,601887
rs10275044,7,1273845,A,T,0.2075,-0.0129,0.0023,3.30E-08,610254
rs6461115,7,2103668,A,G,0.7715,0.0144,0.0019,1.20E-13,791735
rs4722398,7,3125220,T,C,0.1336,0.0158,0.0025,3.60E-10,692509
rs6463489,7,5542513,T,C,0.1087,0.0157,0.0026,3.10E-09,791893
rs7784465,7,6418275,T,C,0.8607,-0.0164,0.0025,1.10E-10,685477
rs6968554,7,17287106,A,G,0.3602,-0.01,0.0017,3.50E-09,794218
rs40245,7,21470536,A,T,0.3591,0.011,0.0018,1.90E-09,681704
rs4307239,7,24354300,A,G,0.5422,-0.0115,0.0017,3.90E-11,687289
rs12666574,7,26526960,A,G,0.6505,0.0097,0.0018,1.40E-07,687105
rs11971041,7,26698848,A,G,0.90616,-0.021,0.0031,1.00E-11,689741
rs4722672,7,27231762,T,C,0.8151,-0.0151,0.0021,1.80E-12,784309
rs849135,7,28196413,A,G,0.4914,0.0109,0.0016,2.00E-11,793909
rs215632,7,32368524,A,G,0.3618,0.0152,0.0018,3.70E-17,684437
rs329277,7,35080931,T,G,0.5211,-0.0099,0.0017,1.10E-08,686149
rs1229057,7,39054538,T,C,0.1216,0.017,0.0027,2.80E-10,683545
rs10268050,7,44522617,T,C,0.7954,-0.0113,0.002,3.50E-08,794416
rs799449,7,44784697,T,C,0.5505,0.013,0.0017,8.70E-14,684521
rs10269783,7,49616203,A,G,0.3896,0.0133,0.0017,1.40E-15,790551
rs3807566,7,50564204,T,G,0.443,-0.0127,0.0017,2.00E-13,687535
rs1035010,7,69598328,T,C,0.2566,0.0139,0.002,6.20E-12,637868
rs4718966,7,70040558,T,C,0.4183,0.0127,0.0018,4.60E-13,686820
rs993931,7,71888157,A,G,0.599,-0.0057,0.0018,0.0013,676675
rs7777102,7,73058017,A,G,0.8707,-0.0126,0.0024,2.00E-07,778320
rs13227433,7,74094721,T,G,0.7438,-0.0156,0.002,1.40E-14,663356
rs17207196,7,75101065,T,C,0.4118,-0.0221,0.0018,2.10E-35,668894
rs740157,7,77055885,A,G,0.4322,0.0116,0.0016,1.80E-12,787152
rs1544459,7,77417584,T,C,0.5464,-0.0103,0.0016,2.20E-10,795359
rs1852006,7,77829768,A,G,0.3519,-0.0156,0.0018,4.90E-18,692290
rs7805441,7,78121458,T,C,0.5092,0.0109,0.0017,3.40E-10,682488
rs6963840,7,78144371,T,C,0.2111,0.0154,0.0024,3.40E-10,637209
rs13247665,7,93232057,T,C,0.6407,-0.0139,0.0018,1.40E-14,690623
rs411717,7,94033031,T,C,0.4401,-0.0069,0.0017,8.40E-05,691713
rs13240600,7,99064466,A,G,0.8448,0.0204,0.0024,3.50E-17,692233
rs1048365,7,100804430,T,C,0.1548,0.0136,0.0025,5.90E-08,636076
rs11496125,7,103417557,T,C,0.4212,0.0169,0.0017,3.00E-22,684574
rs10953620,7,109173373,A,C,0.5173,-0.0101,0.0017,5.40E-09,687660
rs13227658,7,113353254,T,C,0.5534,-0.0157,0.0017,1.70E-19,688960
rs12705987,7,114349212,A,T,0.4036,0.0135,0.0017,9.50E-15,683609
rs1899689,7,121964349,T,C,0.3986,0.0117,0.0016,1.50E-12,794654
rs2283093,7,126721231,T,C,0.2066,0.0127,0.0021,3.10E-09,691773
rs7779498,7,130408415,T,C,0.03859,-0.0249,0.0045,3.10E-08,671584
rs972283,7,130466854,A,G,0.4849,0.0096,0.0016,5.10E-09,795592
rs1593304,7,131619847,A,G,0.1993,0.0126,0.0022,1.30E-08,669507
rs874454,7,131896813,A,G,0.3379,-0.0081,0.0018,1.10E-05,686146
rs3800649,7,137424509,A,G,0.277,0.0122,0.0019,3.20E-10,686803
rs1814170,7,138794149,A,T,0.8946,0.0203,0.0029,2.10E-12,686628
rs11773362,7,147668180,T,C,0.3369,-0.0111,0.0018,1.50E-09,690588
rs4725984,7,150668514,T,C,0.359,-0.0128,0.0017,1.40E-13,784486
rs17069831,8,4137396,T,C,0.2795,-0.0109,0.0019,2.10E-08,675848
rs1658820,8,4288577,T,G,0.2468,0.0141,0.0021,5.90E-12,669427
rs7827182,8,8380471,C,G,0.4946,0.0177,0.0018,1.70E-22,582727
rs1394,8,9511654,A,G,0.6404,-0.0154,0.0017,2.80E-19,783284
rs1399054,8,9785503,A,G,0.7993,-0.0101,0.0022,2.80E-06,690605
rs497417,8,9790041,A,T,0.7855,-0.0052,0.0021,0.015,691046
rs12682565,8,10626280,A,G,0.03748,0.0232,0.0046,4.70E-07,774114
rs11250076,8,10647823,A,G,0.4385,0.0184,0.0018,3.20E-23,566163
rs7832003,8,10782004,C,G,0.1801,-0.0064,0.0023,0.0049,682766
rs11783247,8,10788875,T,C,0.5375,-0.0169,0.0016,1.20E-24,790309
rs9657542,8,10864363,C,G,0.3644,-0.0048,0.0018,0.0073,684813
rs2409730,8,11060638,A,C,0.3704,-0.0093,0.0017,6.00E-08,788962
rs12458,8,11617240,A,T,0.6872,0.0015,0.0019,0.43,635629
rs4841659,8,11828200,T,C,0.4785,0.0149,0.0017,9.20E-18,687488
rs13263601,8,14095900,A,C,0.6522,-0.0154,0.0018,2.20E-17,686196
rs10110727,8,14324437,A,G,0.2926,0.0135,0.002,3.20E-11,551363
rs11987383,8,15197115,A,C,0.88,-0.0147,0.0026,2.80E-08,688014
rs2543132,8,15536311,C,G,0.8134,0.0146,0.0022,5.00E-11,688326
rs4366093,8,20639811,T,C,0.3202,-0.0121,0.0018,6.70E-11,688025
rs11781222,8,23389571,T,C,0.8714,0.0158,0.0024,5.30E-11,789828
rs1594830,8,26334167,C,G,0.7882,-0.0112,0.0021,1.40E-07,691520
rs17446091,8,27167942,T,C,0.7926,-0.0123,0.002,1.80E-09,793600
rs1982441,8,28021769,T,G,0.1381,0.0175,0.0026,7.00E-12,687705
rs2100814,8,28118130,A,G,0.4103,0.0113,0.0017,1.20E-10,683658
rs1362910,8,30856464,A,G,0.4185,0.0121,0.0017,1.20E-12,744652
rs7844647,8,34503776,T,C,0.7319,0.0123,0.0018,2.80E-11,793703
rs881301,8,38332318,T,C,0.5818,-0.0097,0.0017,2.40E-08,691753
rs4737183,8,64720693,A,G,0.5295,0.0112,0.0017,1.10E-10,685737
rs16932761,8,67202787,A,G,0.2542,-0.014,0.002,1.70E-12,685108
rs1431659,8,73439070,A,G,0.2656,0.0196,0.0019,6.00E-24,689739
rs2170382,8,74689288,T,C,0.1203,0.0172,0.0027,2.40E-10,690485
rs1405348,8,77228222,A,G,0.4324,-0.0204,0.0017,6.20E-32,692448
rs16907751,8,81375457,T,C,0.1047,-0.0209,0.003,1.60E-12,776010
rs733594,8,85077686,T,C,0.718,0.0138,0.0018,5.90E-14,791828
rs2634047,8,85696337,C,G,0.2422,-0.0149,0.002,2.50E-13,683222
rs7006629,8,87519542,T,C,0.5258,0.0109,0.0017,2.50E-10,691635
rs1700137,8,89461609,T,C,0.3121,-0.0121,0.0019,2.50E-10,682364
rs12680842,8,95582606,A,G,0.6795,0.0133,0.0018,4.40E-14,782549
rs3134353,8,101947453,A,T,0.3868,-0.0125,0.0018,2.50E-12,679869
rs3808434,8,116559435,A,G,0.4475,0.011,0.0016,1.30E-11,794701
rs2721965,8,116662038,A,C,0.6665,0.0171,0.0018,1.10E-20,690170
rs11781699,8,118863061,T,C,0.8104,-0.0132,0.0021,3.10E-10,784642
rs10955841,8,118946541,A,G,0.6694,0.0096,0.0018,1.70E-07,688388
rs12675063,8,132879047,A,T,0.8869,-0.0156,0.0026,1.30E-09,789771
rs16906845,8,138215228,A,G,0.06683,-0.0225,0.0038,2.20E-09,692124
rs903959,8,142630782,A,T,0.3965,0.0106,0.0018,1.60E-09,689895
rs4076358,8,144910239,A,G,0.6211,0.0092,0.0017,6.50E-08,787955
rs7042372,9,6959840,A,G,0.6573,0.0122,0.0018,3.80E-11,681234
rs1865341,9,8845911,T,C,0.758,0.0128,0.002,2.50E-10,688863
rs17820822,9,11831420,T,G,0.6446,0.0143,0.0018,2.90E-15,690065
rs11790280,9,14651283,T,C,0.6138,-0.0103,0.0018,7.10E-09,684876
rs6474945,9,15670492,T,G,0.4498,-0.0186,0.0016,4.70E-30,786471
rs10962549,9,16719445,T,C,0.168,0.0198,0.0023,2.50E-17,692271
rs483752,9,27612918,T,C,0.7415,0.0121,0.0022,3.70E-08,515509
rs7874154,9,27777012,T,C,0.5021,-0.0127,0.0017,1.80E-13,685829
rs1412235,9,28410996,C,G,0.3175,0.0246,0.0017,6.00E-45,790147
rs10971712,9,33820938,T,C,0.1076,-0.0197,0.0027,6.40E-13,692587
rs13290794,9,37183628,A,G,0.3582,-0.0141,0.0018,1.90E-15,688742
rs2174307,9,73791849,C,G,0.4067,0.0121,0.0017,4.90E-12,686559
rs10867256,9,81367391,T,C,0.553,-0.0118,0.0017,8.70E-12,689493
rs17351791,9,83263089,A,C,0.6348,0.0097,0.0018,7.20E-08,690594
rs3739733,9,88897891,A,G,0.7803,0.0132,0.0021,5.30E-10,637547
rs10797115,9,92191256,T,C,0.5365,0.0124,0.0017,9.90E-13,687215
rs7869771,9,94180627,A,C,0.7353,0.014,0.0019,4.90E-13,679436
rs4744275,9,96482633,A,G,0.266,0.0144,0.0018,7.00E-15,793296
rs450231,9,101481205,A,G,0.7534,-0.0127,0.002,2.10E-10,692346
rs10118701,9,103061366,A,G,0.6773,-0.0163,0.0018,1.10E-18,692315
rs10989568,9,104396304,A,G,0.4619,0.0107,0.0017,6.60E-10,688508
rs7024334,9,109072075,T,G,0.2258,0.0138,0.002,3.10E-12,782431
rs6477694,9,111932342,T,C,0.6441,-0.0123,0.0017,3.80E-13,789230
rs1928295,9,120378483,T,C,0.5539,0.0141,0.0016,5.40E-18,793649
rs7865157,9,122631560,T,C,0.1068,0.0177,0.0028,3.70E-10,690934
rs10818810,9,126096522,A,G,0.3908,0.0126,0.0017,1.10E-13,770877
rs10818938,9,127049237,A,G,0.4215,0.0114,0.0017,5.10E-11,691410
rs4515655,9,128616073,T,C,0.4007,-0.0072,0.0018,4.20E-05,690151
rs3829849,9,129390800,T,C,0.3589,0.0098,0.0017,5.90E-09,793851
rs3902840,9,129419025,A,G,0.08589,0.0222,0.003,3.20E-13,683761
rs13292976,9,129467340,T,C,0.4458,0.0131,0.0017,3.10E-14,692152
rs3739555,9,129940416,T,G,0.8071,0.011,0.0021,2.10E-07,794521
rs7871866,9,131027982,C,G,0.1531,0.0187,0.0024,2.30E-14,683494
rs4740383,9,133783566,A,G,0.416,0.0126,0.0018,1.90E-12,662683
rs11792069,9,140646121,A,G,0.83,0.0145,0.0024,6.50E-10,644252
rs11251352,10,2585792,A,G,0.4012,-0.0109,0.0018,7.00E-10,690804
rs7893571,10,16750129,T,G,0.662,0.0136,0.0018,1.80E-13,687864
rs12776880,10,19776828,A,T,0.6828,0.0128,0.0019,3.00E-11,676100
rs7084454,10,21821274,A,G,0.335,0.0193,0.0019,4.00E-25,678564
rs3781099,10,27318776,T,C,0.08203,0.021,0.0031,2.50E-11,692416
rs3851083,10,33862727,A,G,0.4325,-0.0102,0.0016,4.10E-10,793679
rs1937684,10,53680085,A,T,0.6592,0.0112,0.0018,8.70E-10,690063
rs2163188,10,65314711,C,G,0.474,0.0131,0.0017,2.00E-14,686502
rs12098284,10,76047464,T,C,0.1241,0.0178,0.0026,1.80E-11,686167
rs7899106,10,87410904,A,G,0.95223,-0.0331,0.0037,1.00E-18,793689
rs10887578,10,88096047,C,G,0.4896,0.0128,0.0017,1.60E-13,679172
rs2631681,10,93032943,T,C,0.3252,-0.0113,0.0017,8.90E-11,789736
rs793520,10,99032375,A,G,0.3233,0.0105,0.0019,1.90E-08,687049
rs577525,10,99769388,T,C,0.4324,-0.0166,0.0017,9.70E-22,690616
rs1983864,10,100017453,T,G,0.6674,0.0158,0.0018,3.70E-18,692553
rs17094222,10,102395440,T,C,0.7961,-0.0181,0.002,2.20E-19,791705
rs11190661,10,102452136,T,C,0.3146,0.001,0.0018,0.59,690855
rs10883553,10,102635475,A,C,0.4511,0.0119,0.0018,1.90E-11,690191
rs9787495,10,103206115,A,G,0.4366,-0.0103,0.0017,3.10E-09,689779
rs7083450,10,103984060,T,C,0.8388,0.0159,0.0023,1.70E-12,795609
rs10883759,10,104412049,A,G,0.3023,-0.0122,0.0018,5.40E-12,791911
rs12411886,10,104685299,A,C,0.08261,0.0271,0.003,1.50E-19,792405
rs1712517,10,105033015,T,C,0.4683,-0.0028,0.0017,0.11,692564
rs9419958,10,105675946,T,C,0.1363,-0.0126,0.0025,6.80E-07,691816
rs7903146,10,114758349,T,C,0.2912,-0.0181,0.0018,1.30E-23,795624
rs10886017,10,118672531,A,C,0.2524,0.0152,0.0019,1.40E-15,786354
rs845084,10,125220036,A,G,0.2678,0.014,0.002,1.30E-12,685413
rs17636031,10,126594078,T,C,0.7299,-0.016,0.0019,1.20E-17,782807
rs10840606,11,2234690,A,G,0.8259,-0.0164,0.0024,3.20E-12,642006
rs12575252,11,8694073,C,G,0.351,-0.0182,0.0017,1.80E-26,781365
rs1037587,11,11796727,T,C,0.4535,0.0106,0.0017,1.10E-09,687559
rs900144,11,13294268,T,C,0.5674,0.0166,0.0017,8.70E-22,692126
rs10832778,11,17394073,C,G,0.3778,-0.0125,0.0017,1.30E-13,783042
rs7124442,11,27677041,T,C,0.6832,-0.0286,0.0017,4.60E-61,793435
rs6265,11,27679916,T,C,0.1951,-0.0412,0.0021,1.00E-86,795458
rs11030385,11,28629115,A,G,0.3953,-0.0084,0.0018,1.90E-06,692117
rs7948120,11,28763321,T,C,0.2598,-0.0132,0.0019,7.30E-12,756039
rs1552717,11,29158495,A,T,0.8652,0.0149,0.0025,3.50E-09,692333
rs1782507,11,30243868,T,G,0.6532,-0.0135,0.0018,1.30E-13,692310
rs223051,11,32131303,T,C,0.6759,0.0112,0.0018,1.10E-09,689456
rs10838122,11,43551416,T,C,0.4802,-0.0105,0.0017,1.50E-09,673207
rs12577642,11,43728534,A,T,0.686,-0.0213,0.0018,9.90E-31,692353
rs10769165,11,45706453,T,C,0.5226,-0.0067,0.0016,4.80E-05,794571
rs12574668,11,46422686,A,C,0.1785,0.0132,0.0023,8.80E-09,691639
rs17197116,11,46520302,T,C,0.91446,-0.0052,0.003,0.083,795300
rs11039014,11,46895378,A,G,0.774,4.00E-04,0.0019,0.85,793931
rs7124681,11,47529947,A,C,0.4133,0.0263,0.0016,3.20E-58,795474
rs7131262,11,47836302,A,T,0.2605,-0.0216,0.0018,1.00E-32,787486
rs10838852,11,48286256,T,C,0.5627,0.0053,0.0017,0.0022,692513
rs7478904,11,48630323,T,C,0.1278,-0.0086,0.0026,0.00082,691367
rs1473579,11,48901553,A,G,0.4122,-0.0026,0.0017,0.13,689453
rs7120873,11,49459474,T,C,0.111,0.0172,0.0027,3.40E-10,691850
rs7924371,11,49620595,T,C,0.5574,-0.004,0.0017,0.023,689201
rs10839472,11,49994823,T,C,0.7657,0.0044,0.002,0.03,691909
rs2612203,11,54914689,A,G,0.03455,0.0155,0.0051,0.0023,515871
rs10459012,11,55091574,A,C,0.2242,0.0084,0.002,2.30E-05,792142
rs551137,11,55323307,T,C,0.2563,0.0041,0.0021,0.057,529265
rs11231548,11,55686588,A,G,0.98661,-0.0278,0.006,3.70E-06,613180
rs4939051,11,56206141,C,G,0.7893,-0.0014,0.0023,0.55,527251
rs4542429,11,56446833,T,C,0.4839,-0.0064,0.0019,0.00079,507039
rs1943477,11,56973793,T,C,0.05823,-0.0198,0.0035,1.40E-08,793263
rs11600990,11,64082807,T,C,0.1569,-0.0178,0.0023,3.80E-14,691086
rs7102454,11,65594820,T,C,0.6565,-0.0158,0.0018,2.40E-18,691134
rs524281,11,65886662,A,C,0.7585,-0.0093,0.0019,1.80E-06,777942
rs7122539,11,66662731,A,G,0.3424,-0.0065,0.0017,0.00016,795230
rs587230,11,69299771,A,G,0.165,0.0149,0.0023,4.70E-11,775267
rs1789165,11,69481969,A,G,0.6389,0.0138,0.0017,8.00E-16,775128
rs2440885,11,70563286,A,G,0.5328,0.0091,0.0017,1.20E-07,689699
rs7123876,11,72444583,T,C,0.754,-0.0119,0.0019,2.20E-10,793551
rs7117238,11,78040259,A,G,0.168,-0.0131,0.0022,2.50E-09,788879
rs1452134,11,86133416,T,C,0.5423,-0.0091,0.0017,1.60E-07,690523
rs10830452,11,89966202,A,G,0.6712,-0.0111,0.0018,2.10E-09,690453
rs2605603,11,93221105,A,G,0.4887,-0.0103,0.0016,2.50E-10,790857
rs719802,11,113234679,T,C,0.3803,0.0101,0.0018,9.50E-09,692544
rs1048932,11,115044850,A,C,0.4162,-0.016,0.0017,3.80E-22,795167
rs12417072,11,115623272,A,G,0.8851,-0.0151,0.0027,2.00E-08,680580
rs12420725,11,117017530,A,G,0.94142,-0.0226,0.0037,1.30E-09,679599
rs573455,11,117267884,A,G,0.453,-0.0093,0.0016,1.60E-08,795095
rs9332817,11,118365210,C,G,0.02561,-0.0382,0.006,1.70E-10,530761
rs1003081,11,118913993,T,C,0.4497,0.0121,0.0016,1.30E-13,788712
rs4936671,11,121942512,C,G,0.3672,0.0105,0.0018,6.20E-09,678888
rs7941030,11,122522375,T,C,0.6141,-0.0112,0.0017,2.00E-11,795457
rs3134438,11,122765667,A,C,0.2855,0.0113,0.0019,6.10E-09,685121
rs1625427,11,131957293,T,C,0.6504,0.013,0.0018,1.40E-12,676334
rs4936175,11,132641959,T,C,0.5555,-0.0122,0.0017,1.40E-12,692569
rs329651,11,133767622,T,G,0.8055,0.0164,0.0021,9.00E-15,779232
rs3802924,11,133827733,A,C,0.7995,0.0085,0.0022,9.80E-05,670918
rs12364470,11,134601012,T,G,0.8374,-0.0178,0.0022,1.10E-15,787411
rs11611246,12,939480,T,G,0.21,0.024,0.002,5.00E-32,779823
rs2429150,12,2152655,A,C,0.5836,-0.0111,0.0018,2.70E-10,686276
rs12422552,12,14413931,C,G,0.2663,-0.0134,0.002,1.60E-11,689543
rs10744146,12,17212881,A,G,0.5146,-0.0122,0.0017,1.40E-12,689141
rs10840674,12,17360254,A,G,0.6938,-0.0089,0.0018,4.50E-07,791973
rs621042,12,18789007,A,C,0.451,-0.0107,0.0017,6.30E-10,689121
rs7134375,12,20473758,A,C,0.4335,0.0077,0.0016,3.10E-06,795589
rs2467110,12,23067302,T,C,0.2699,-0.0099,0.002,4.20E-07,684290
rs10842240,12,24060075,C,G,0.1158,0.0218,0.0027,3.10E-16,691476
rs10772055,12,33379440,C,G,0.8656,-0.0172,0.0024,2.10E-12,792168
rs12306932,12,38242029,T,C,0.5105,-8.00E-04,0.0016,0.63,785165
rs17096549,12,38529333,A,G,0.97597,0.0205,0.0052,7.50E-05,768355
rs6580755,12,39159190,T,C,0.4326,-0.0015,0.0018,0.4,636095
rs7958206,12,39329294,A,G,0.4022,0.0014,0.0018,0.43,682999
rs10876418,12,39428802,T,C,0.2325,-0.0123,0.0019,2.80E-10,787067
rs11172702,12,39982413,A,G,0.92341,0.0144,0.0033,1.10E-05,681630
rs2733287,12,41880909,A,C,0.5171,-0.0157,0.0017,6.80E-20,681730
rs2240108,12,48180508,T,C,0.1508,-0.0127,0.0025,3.10E-07,684395
rs7965658,12,49987929,A,G,0.1995,-0.0016,0.0022,0.47,691448
rs7138803,12,50247468,A,G,0.3772,0.03,0.0017,2.30E-71,795588
rs4077093,12,51593616,T,G,0.217,0.0128,0.0022,5.10E-09,620584
rs4759073,12,54653258,A,G,0.4005,-0.0116,0.0017,2.80E-11,692071
rs4759228,12,56508409,C,G,0.2971,-0.0157,0.0019,5.90E-16,672778
rs7975187,12,60964108,A,G,0.7926,-0.0128,0.0021,1.40E-09,691440
rs1819844,12,68205604,A,G,0.1797,0.0143,0.0021,2.60E-11,793238
rs10878946,12,69642315,T,C,0.714,-0.0141,0.0019,3.60E-13,685707
rs11115176,12,82465797,T,C,0.7601,0.0121,0.0019,2.00E-10,792384
rs7313924,12,89899912,C,G,0.7138,0.0101,0.0018,3.50E-08,785448
rs2731222,12,90595383,A,C,0.2703,0.0131,0.0019,1.50E-11,690932
rs10745785,12,97586257,T,C,0.6674,-0.0111,0.0018,1.20E-09,691086
rs651548,12,99560183,A,G,0.3677,0.0139,0.0018,2.00E-14,680904
rs4764949,12,103658096,A,G,0.6643,0.0184,0.0018,1.70E-23,691560
rs11611496,12,108413828,A,G,0.2218,-0.0169,0.002,1.70E-16,690148
rs17608150,12,110046698,T,C,0.07536,0.0196,0.0031,1.30E-10,791472
rs6606686,12,110903380,C,G,0.6903,-0.0136,0.0018,7.60E-15,795209
rs6490055,12,111768973,A,G,0.7671,-0.0072,0.002,4.00E-04,688822
rs1558236,12,111780998,C,G,0.97281,-0.0079,0.0053,0.14,697362
rs3809272,12,111800258,A,G,0.284,0.0062,0.002,0.0018,570125
rs12369009,12,112019799,T,G,0.7971,-0.0019,0.002,0.34,794474
rs10850031,12,112771063,T,G,0.7198,-0.0075,0.0018,3.50E-05,794630
rs11066301,12,112871372,A,G,0.5661,0.0114,0.0016,4.40E-12,795498
rs4766710,12,114437708,A,G,0.9358,0.0229,0.0035,3.70E-11,691939
rs884282,12,117579274,T,C,0.5754,-0.0093,0.0017,8.30E-08,691002
rs7973955,12,118409640,A,G,0.2847,-0.0126,0.0019,3.70E-11,684108
rs3887080,12,121661966,A,G,0.1214,0.0181,0.0026,5.10E-12,690624
rs7133378,12,124409502,A,G,0.3269,0.0125,0.0018,9.40E-13,784423
rs10773049,12,124506631,T,C,0.5983,-0.0116,0.0017,4.10E-12,790708
rs7968230,12,133481917,A,G,0.3226,0.0131,0.0018,1.60E-12,690439
rs1218822,13,28011963,A,G,0.6663,0.0168,0.0017,1.90E-22,794711
rs1006353,13,28047269,A,G,0.2485,0.0126,0.0019,2.30E-11,790767
rs9507983,13,28620036,T,C,0.6072,-0.0156,0.0018,1.40E-18,692568
rs9554263,13,28681228,C,G,0.7686,-0.0109,0.0021,2.40E-07,685732
rs1045411,13,31033232,T,C,0.2647,-0.0148,0.0019,2.30E-15,776153
rs9595908,13,33184288,T,C,0.6277,0.0159,0.0017,4.20E-21,794175
rs9544915,13,36230485,T,C,0.8601,0.014,0.0025,1.60E-08,690945
rs9603697,13,40783323,T,C,0.3186,0.0141,0.0018,2.60E-14,688189
rs12429545,13,54102206,A,G,0.1248,0.0316,0.0025,9.60E-38,778918
rs10467530,13,54694130,C,G,0.1365,0.0148,0.0026,2.00E-08,689848
rs9527706,13,58402479,A,G,0.7286,-0.0115,0.0018,5.10E-10,794927
rs9538141,13,59178258,A,G,0.509,0.0164,0.0017,3.50E-21,676674
rs1333423,13,59425111,A,T,0.2253,0.0168,0.002,2.10E-16,689377
rs892261,13,65884191,T,C,0.4429,-0.0103,0.0017,2.20E-09,691303
rs9540493,13,66205704,A,G,0.4419,0.0139,0.0017,8.10E-17,785493
rs9571687,13,67472713,A,C,0.329,-0.0129,0.0018,2.80E-12,690974
rs629443,13,76386075,T,G,0.2501,0.0116,0.0019,1.40E-09,790044
rs1668633,13,78371890,T,C,0.5738,0.01,0.0017,8.70E-09,688791
rs9530843,13,79563749,A,C,0.5558,0.0128,0.0018,4.80E-13,674325
rs1927790,13,96922191,T,C,0.5891,-0.0148,0.0016,1.80E-19,794326
rs7334078,13,99120484,T,C,0.7118,0.0121,0.0019,2.20E-10,688374
rs2479958,13,111984244,A,G,0.4925,0.0154,0.0018,1.50E-17,664268
rs10132280,14,25928179,A,C,0.3017,-0.0223,0.0018,5.60E-35,786578
rs4981693,14,29680331,A,G,0.771,0.0206,0.002,6.90E-24,689120
rs12885454,14,29736838,A,C,0.3431,-0.0185,0.0017,2.40E-27,793069
rs8016859,14,30484722,C,G,0.03964,0.0349,0.0043,7.10E-16,781430
rs17522122,14,33302882,T,G,0.4812,0.0159,0.0017,1.50E-21,774342
rs9806058,14,35673470,A,T,0.877,0.0164,0.0026,4.00E-10,690566
rs1956151,14,40101060,A,G,0.8213,-0.013,0.0022,7.30E-09,692204
rs12587412,14,47272423,T,G,0.4896,0.0146,0.0017,4.80E-17,688484
rs217671,14,62360464,A,G,0.7281,-0.0144,0.0019,1.30E-13,691456
rs2412107,14,65426216,T,G,0.2078,0.0112,0.0021,1.30E-07,686465
rs11844682,14,65910844,C,G,0.6608,-0.0099,0.0018,9.30E-08,686135
rs3902951,14,69789755,T,G,0.7545,-0.0134,0.002,7.00E-12,773819
rs1205106,14,72269668,A,G,0.5415,-0.0084,0.0017,1.30E-06,685044
rs17105272,14,77529783,T,C,0.3186,0.011,0.0019,3.20E-09,681028
rs10146527,14,79499850,T,C,0.6361,0.0137,0.0017,2.30E-15,781339
rs2003616,14,79903993,T,G,0.2878,0.0046,0.0019,0.018,684693
rs7144011,14,79940383,T,G,0.2136,0.0282,0.002,5.20E-47,794117
rs799132,14,82684748,A,T,0.2212,-0.011,0.0021,3.10E-07,685905
rs12888545,14,88308044,A,G,0.7481,-0.0136,0.002,9.10E-12,688605
rs1951455,14,91512339,T,C,0.2747,-0.0145,0.0019,4.50E-14,690040
rs2160077,14,92428410,A,G,0.4294,0.0093,0.0016,1.60E-08,795067
rs10131890,14,97258752,A,C,0.9503,-0.0222,0.0039,1.60E-08,691777
rs17096552,14,98626578,A,G,0.1359,-0.0145,0.0025,1.10E-08,691190
rs3850422,14,99671788,A,G,0.446,-0.0114,0.0016,3.70E-12,782650
rs12147845,14,101144596,T,C,0.1135,0.0199,0.0027,4.50E-13,687445
rs7147503,14,101539384,T,C,0.3697,-0.0119,0.0018,2.00E-11,691094
rs8016771,14,102649451,T,G,0.91248,-0.019,0.0031,1.10E-09,691604
rs3803286,14,103246470,A,G,0.3431,0.0181,0.0018,4.10E-23,691435
rs2010281,14,103862322,A,G,0.3552,-0.0161,0.0017,6.70E-21,794009
rs4906908,15,27040082,T,G,0.4747,-0.0103,0.0017,2.50E-09,691345
rs4284600,15,31843528,T,C,0.5288,-0.0118,0.0017,1.30E-11,682852
rs7181610,15,35826859,A,T,0.8585,0.0145,0.0025,7.80E-09,667503
rs8036040,15,36402716,A,C,0.4932,0.0109,0.0017,2.70E-10,691068
rs316611,15,41751678,T,C,0.255,0.0104,0.002,3.10E-07,677116
rs12439798,15,46584787,T,G,0.4228,0.0125,0.0017,6.90E-13,690093
rs3736485,15,51748610,A,G,0.4557,0.0134,0.0016,2.50E-16,790404
rs1657930,15,57120989,A,G,0.8028,-0.0123,0.0022,1.60E-08,684138
rs340025,15,60908307,T,C,0.4276,-0.0124,0.0017,1.00E-13,786830
rs8033510,15,61445514,T,C,0.3713,0.0106,0.0018,5.10E-09,686532
rs17238110,15,62150364,A,G,0.8366,0.0353,0.005,2.00E-12,775505
rs12595158,15,62316035,T,C,0.02362,-0.0394,0.0054,1.90E-13,775095
rs11635675,15,63793238,T,G,0.6465,0.0124,0.0018,1.30E-11,688719
rs6494481,15,64849904,T,G,0.1194,0.012,0.0027,9.20E-06,692540
rs11629783,15,66741387,C,G,0.7692,0.0146,0.002,9.80E-13,690824
rs16951319,15,68103632,T,C,0.1344,-0.007,0.0025,0.0057,692100
rs13329567,15,68104367,T,C,0.2308,-0.0293,0.002,1.00E-50,793953
rs7164727,15,73093991,T,C,0.681,0.0182,0.0017,3.30E-25,791156
rs2593280,15,76150965,A,G,0.852,0.0105,0.0024,1.70E-05,688016
rs403656,15,76755506,A,G,0.8503,0.0094,0.0024,1.00E-04,686605
rs2459359,15,76863838,C,G,0.94832,0.0092,0.0039,0.018,677935
rs10519151,15,77156899,A,T,0.06747,-0.0095,0.0035,0.0061,692302
rs4886506,15,77207277,T,G,0.6953,-8.00E-04,0.0019,0.68,691538
rs12148386,15,77254544,T,C,0.4583,-0.0049,0.0017,0.0052,687020
rs4886869,15,77799657,A,G,0.3952,-0.01,0.0018,2.90E-08,678149
rs8024932,15,77915282,T,G,0.8929,0.0091,0.0028,0.0013,685606
rs11855853,15,78012618,T,C,0.2649,-0.0145,0.002,2.40E-13,682564
rs6495252,15,78117685,T,C,0.3831,0.0099,0.0018,2.80E-08,685875
rs12595749,15,79432359,A,G,0.5714,0.0141,0.0017,5.70E-16,692290
rs12593036,15,81058652,A,G,0.7007,0.0154,0.0019,3.80E-16,686055
rs12902742,15,83647483,A,T,0.0908,0.0142,0.0031,4.50E-06,690557
rs11259933,15,84580156,A,G,0.5226,-0.0066,0.0017,0.00011,703399
rs150353,15,89928189,T,G,0.5556,-0.0095,0.0018,6.40E-08,681804
rs12101393,15,92570921,C,G,0.7803,0.0127,0.0021,1.50E-09,689675
rs7181498,15,95271404,T,C,0.3691,0.0163,0.0018,1.00E-19,690980
rs11866815,16,387867,T,C,0.2461,-0.0156,0.0019,1.00E-16,792501
rs2516739,16,2097158,A,G,0.2171,-0.0159,0.0021,1.40E-14,761216
rs12448257,16,3599655,A,G,0.218,0.0184,0.002,8.10E-20,779628
rs3794702,16,3730613,A,T,0.1957,0.0038,0.0022,0.083,675189
rs879620,16,4015729,T,C,0.6179,0.0231,0.0018,5.30E-38,688377
rs2534760,16,6509009,A,T,0.7057,-0.0099,0.0019,2.80E-07,677641
rs10083803,16,6701400,T,C,0.2605,-0.0127,0.0019,5.90E-11,690845
rs977540,16,9724750,A,G,0.7617,0.014,0.0019,2.50E-13,789485
rs4985155,16,15129459,A,G,0.6631,0.012,0.0017,3.00E-12,794269
rs12446632,16,19935389,A,G,0.1424,-0.0352,0.0024,2.90E-50,788565
rs868554,16,20050466,C,G,0.7537,-0.019,0.002,1.20E-20,681858
rs11074446,16,20255123,T,C,0.8694,0.0225,0.0024,1.80E-20,773181
rs9931967,16,20375351,T,G,0.5082,0.0163,0.0017,1.00E-20,684371
rs9927848,16,23833071,A,C,0.7326,-0.0122,0.002,6.40E-10,687060
rs7195386,16,24578458,T,C,0.5014,0.0133,0.0017,1.10E-14,687736
rs1862451,16,24803620,A,G,0.7312,0.0137,0.0019,1.90E-12,691653
rs7187776,16,28857645,A,G,0.5927,-0.0265,0.0016,1.40E-58,792563
rs1057452,16,29833714,A,G,0.03713,0.0173,0.0024,1.60E-12,692447
rs3814883,16,29994922,T,C,0.4764,0.0232,0.0017,1.10E-40,685519
rs1549293,16,31141993,T,C,0.3596,-0.0204,0.0017,7.60E-33,793130
rs2080454,16,49062590,A,C,0.6211,-0.0129,0.0017,1.70E-14,784784
rs1564981,16,50986308,A,G,0.4575,0.0087,0.0016,1.00E-07,793125
rs17795934,16,51926509,T,C,0.2977,-0.0087,0.0018,1.10E-06,794950
rs12443621,16,52548037,A,G,0.5332,-0.0096,0.0017,3.20E-08,688078
rs16952479,16,53770578,A,T,0.94615,-0.0153,0.0041,2.00E-04,657783
rs8047395,16,53798523,A,G,0.5061,0.0642,0.0017,0,788856
rs11075986,16,53805344,C,G,0.9147,0.032,0.003,5.60E-26,790364
rs3751813,16,53818708,T,G,0.541,0.0603,0.0016,2.20E-295,781755
rs9931164,16,53825238,A,G,0.98188,0.0245,0.0061,5.40E-05,749059
rs9922708,16,53831146,T,C,0.4323,0.0692,0.0016,0,794334
rs2075205,16,54153099,A,T,0.5866,0.0111,0.0017,1.80E-10,691296
rs907011,16,54234492,T,G,0.7032,0.0102,0.0019,1.60E-07,662024
rs12448738,16,56489343,A,C,0.8629,-0.0168,0.0025,2.80E-11,691932
rs11075489,16,62803841,T,C,0.4828,-0.0111,0.0017,1.30E-10,688802
rs9931407,16,67290155,T,C,0.96656,-8.00E-04,0.0049,0.87,680058
rs7200919,16,67316600,A,G,0.4134,0.0095,0.0017,9.30E-09,793695
rs12920590,16,67420603,T,C,0.6483,-0.0029,0.0019,0.12,688182
rs2863981,16,68295598,A,G,0.4095,0.0077,0.0017,3.40E-06,794282
rs2307022,16,68381978,A,G,0.3344,0.0135,0.0017,5.50E-15,795159
rs10500548,16,69174141,T,C,0.05788,0.0188,0.0036,1.90E-07,690612
rs889398,16,69556715,T,C,0.4247,-0.0196,0.0016,1.30E-32,789694
rs7919,16,70514828,A,C,0.4495,-0.0158,0.0017,1.00E-19,685991
rs11642001,16,71899586,A,G,0.2121,-0.0137,0.0021,5.10E-11,691916
rs952159,16,71965915,A,G,0.3347,-2.00E-04,0.0018,0.9,691197
rs756717,16,72996162,A,G,0.3973,-0.0148,0.0017,5.40E-18,771976
rs825680,16,73606563,A,T,0.5827,0.0104,0.0018,6.70E-09,680731
rs6564360,16,76779612,A,G,0.8095,-0.0135,0.0022,1.20E-09,690911
rs8046061,16,80752293,T,C,0.5498,0.009,0.0017,2.60E-07,680891
rs12922346,16,82438337,C,G,0.2657,0.0136,0.002,1.00E-11,679615
rs4783241,16,82650384,C,G,0.4938,-0.0108,0.0017,4.00E-10,689741
rs7206608,16,82872628,C,G,0.6854,-0.0132,0.0019,1.30E-12,689058
rs4516268,17,1846831,A,C,0.1925,-0.0217,0.0021,5.20E-25,786617
rs7217226,17,2136065,T,G,0.6404,-0.013,0.0017,2.60E-14,788202
rs1000940,17,5283252,A,G,0.7013,-0.0154,0.0018,1.10E-17,794558
rs8079034,17,5412361,T,C,0.1883,0.0096,0.0022,1.30E-05,687609
rs17681708,17,9792872,T,C,0.6877,-0.0106,0.0018,7.20E-09,692361
rs1075901,17,15943910,T,C,0.4361,-0.0121,0.0016,1.20E-13,794789
rs4986044,17,21261560,T,C,0.4687,-0.0164,0.0016,3.30E-23,787219
rs1038088,17,28074563,T,G,0.4919,-0.0117,0.0016,4.60E-13,794680
rs8067737,17,29349688,T,C,0.1101,0.0166,0.003,3.20E-08,649518
rs7211567,17,31460899,T,C,0.2201,-0.0145,0.0021,4.50E-12,686595
rs12453418,17,31747629,A,G,0.6525,-0.0096,0.0018,1.40E-07,688156
rs1106908,17,34942595,A,G,0.4409,-0.0158,0.0016,3.10E-22,795186
rs4796243,17,35057883,A,G,0.3029,-0.0124,0.0019,6.10E-11,691686
rs8070454,17,38160754,T,C,0.3869,-0.0098,0.0017,4.20E-09,795617
rs16966801,17,39573713,A,G,0.7984,-0.0156,0.0022,1.10E-12,692286
rs8069296,17,42935059,T,C,0.7929,-0.0104,0.002,3.60E-07,794875
rs886444,17,46051911,A,G,0.3955,-0.0102,0.0017,8.40E-10,793863
rs208015,17,46252346,T,C,0.0784,0.0356,0.0034,1.40E-25,691575
rs9299,17,46669430,T,C,0.6471,0.0121,0.0018,3.60E-11,692577
rs11079849,17,47090785,T,C,0.3199,-0.0188,0.0019,4.80E-24,687694
rs10515050,17,51923847,T,C,0.4149,-0.0077,0.0017,1.00E-05,691102
rs8071182,17,55336155,A,G,0.1735,0.0133,0.0022,2.10E-09,771437
rs757608,17,59497277,A,G,0.3377,-0.0092,0.0017,1.20E-07,794314
rs8075273,17,61728881,A,C,0.2815,-0.0133,0.0018,3.70E-13,795026
rs2537847,17,65694355,A,G,0.2443,-0.0107,0.002,1.60E-07,689643
rs12602912,17,65870073,T,C,0.2048,0.0176,0.0021,9.90E-18,777510
rs2619976,17,71754545,T,C,0.4132,0.0104,0.0018,6.30E-09,684417
rs7209235,17,73759552,A,G,0.695,-0.0111,0.0019,8.00E-09,683445
rs8081039,17,75995829,T,C,0.0573,0.0233,0.0038,6.10E-10,677239
rs1285245,17,77796889,C,G,0.3669,-0.0121,0.0018,1.70E-11,687342
rs12939549,17,78611724,A,G,0.5665,0.018,0.0016,2.70E-28,793950
rs4889782,17,78640510,T,C,0.6025,-0.015,0.0018,6.60E-17,684598
rs4969387,17,79081724,C,G,0.7463,-0.0145,0.002,4.30E-13,678051
rs1048775,17,79202329,C,G,0.4796,0.0061,0.0017,4.00E-04,690082
rs9905991,17,80052073,A,G,0.4483,0.01,0.0017,8.30E-09,687945
rs1608445,18,947954,A,G,0.435,-0.0104,0.0018,3.70E-09,683383
rs8097544,18,1839564,A,G,0.8477,-0.02,0.0025,9.30E-16,686083
rs1241986,18,6873954,A,G,0.8479,-0.0139,0.0024,1.10E-08,687757
rs12964689,18,21116998,A,G,0.5176,0.0203,0.0017,5.10E-32,692097
rs273697,18,23178748,A,G,0.4779,-0.0098,0.0017,1.50E-08,683992
rs1941697,18,31251276,A,G,0.4538,0.0123,0.0017,1.20E-12,692446
rs16965062,18,31581247,T,C,0.4303,0.009,0.0017,2.60E-07,689125
rs1365466,18,36182440,T,C,0.7406,-0.0137,0.0019,3.30E-13,791868
rs1791253,18,37103550,T,G,0.06279,0.0187,0.0037,3.00E-07,684367
rs555267,18,40992698,T,G,0.33,0.0126,0.0017,6.00E-13,788140
rs954018,18,42598463,A,G,0.3053,-0.013,0.0018,2.10E-13,795474
rs10438964,18,42950629,T,C,0.2757,-0.0127,0.0019,7.60E-11,686868
rs7239114,18,45921214,A,G,0.5403,0.0124,0.0017,1.20E-13,769496
rs1498139,18,51478026,A,C,0.7274,0.0105,0.002,8.50E-08,688263
rs8092503,18,52479487,A,G,0.7685,-0.0165,0.0019,2.30E-17,777619
rs11659764,18,53335512,A,T,0.05297,-0.0253,0.0039,8.90E-11,690582
rs7243357,18,56883319,T,G,0.8272,0.0194,0.0021,9.10E-20,791550
rs2000746,18,57677294,A,G,0.7337,0.0181,0.002,7.00E-19,675837
rs12327272,18,57726627,A,G,0.1142,0.0053,0.0027,0.05,690701
rs1942866,18,57741783,C,G,0.6236,-0.031,0.0017,2.00E-75,781260
rs8095404,18,57804346,A,T,0.5444,-0.0259,0.0017,1.10E-54,781145
rs663129,18,57838401,A,G,0.2301,0.0545,0.0019,1.60E-178,788948
rs9961813,18,57853056,A,C,0.913,0.013,0.003,1.20E-05,792281
rs8094523,18,57878155,A,G,0.08016,-0.0305,0.0032,4.70E-22,779758
rs9675376,18,57969244,A,G,0.2877,0.035,0.0018,2.70E-82,783569
rs2229616,18,58039276,T,C,0.02017,-0.106,0.0059,4.70E-71,760183
rs8087550,18,58371566,A,C,0.4923,-3.00E-04,0.0017,0.84,681066
rs9951893,18,60739250,T,C,0.5249,-0.0115,0.0017,3.30E-11,682456
rs2012927,18,63297672,A,G,0.3348,0.0129,0.0017,7.40E-14,792270
rs8089514,18,69224478,A,T,0.359,0.0126,0.0019,1.10E-11,668999
rs11150911,18,73498528,A,C,0.2809,0.0133,0.0018,4.70E-13,781716
rs1787267,18,76742544,C,G,0.06268,-0.0237,0.0036,3.40E-11,692092
rs895330,19,4060707,C,G,0.8076,0.0201,0.0023,5.50E-19,684271
rs12609744,19,12994140,T,C,0.6931,-0.0126,0.0019,3.60E-11,691253
rs273504,19,18215247,A,G,0.5734,-0.0153,0.0018,4.40E-18,690672
rs17724992,19,18454825,A,G,0.7404,0.0183,0.0019,1.00E-22,785851
rs757318,19,18820308,A,C,0.4805,-0.0185,0.0016,2.40E-29,792816
rs998732,19,19378671,A,G,0.8422,0.0171,0.0022,2.00E-14,793852
rs2304130,19,19789528,A,G,0.9147,0.0176,0.003,2.90E-09,783847
rs8102137,19,30296853,T,C,0.6763,-0.0193,0.0018,1.70E-25,692575
rs2866816,19,30683879,T,C,0.7393,0.0129,0.002,5.60E-11,688980
rs11668301,19,31016196,A,G,0.8482,0.021,0.0024,1.90E-18,691176
rs10408013,19,33963766,T,C,0.2908,0.0111,0.0018,8.00E-10,794820
rs29938,19,34311481,T,C,0.3275,-0.015,0.0017,6.70E-18,788372
rs3826705,19,42637232,T,C,0.8794,-0.0157,0.0027,6.60E-09,690844
rs2075650,19,45395619,A,G,0.8606,0.0244,0.0023,1.50E-25,779741
rs11672660,19,46180184,T,C,0.2049,-0.034,0.0021,1.70E-60,768426
rs3810291,19,47569003,A,G,0.6703,0.0274,0.0018,2.10E-52,763296
rs1884389,20,1410582,T,C,0.4289,-0.0103,0.0017,4.00E-09,683669
rs676749,20,3026069,A,T,0.502,-0.0104,0.0017,1.70E-09,691753
rs1884897,20,6612832,A,G,0.3692,-0.0194,0.0017,1.30E-30,789534
rs1040881,20,15099816,T,C,0.6743,0.0106,0.0018,1.10E-08,691190
rs12480713,20,15801600,T,C,0.5637,0.007,0.0018,9.70E-05,663785
rs8123881,20,15819495,A,G,0.8701,-0.0196,0.0024,4.40E-16,793018
rs4814512,20,16564210,A,C,0.782,0.0133,0.0021,2.30E-10,692559
rs6138482,20,25059442,T,C,0.1974,0.0147,0.002,5.80E-13,795349
rs6076348,20,25401827,A,G,0.6915,-0.0012,0.0019,0.51,690971
rs2386802,20,25971327,A,C,0.6679,-0.004,0.0018,0.03,688877
rs6132918,20,26073030,T,C,0.8227,-0.0106,0.0023,6.00E-06,665013
rs816533,20,26256565,A,G,0.96246,-0.0168,0.0047,0.00034,671852
rs753010,20,29857455,C,G,0.94913,-0.0093,0.0042,0.026,663295
rs6061162,20,29893501,T,C,0.91341,0.0081,0.003,0.0074,691901
rs8121840,20,30504530,A,G,0.4933,0.0085,0.0017,1.00E-06,684197
rs6121381,20,30785593,A,T,0.8469,-0.0147,0.0024,9.40E-10,691119
rs6058635,20,30891925,C,G,0.4345,-8.00E-04,0.0017,0.66,690979
rs293566,20,31097877,T,C,0.6531,-0.0022,0.0018,0.22,691126
rs13041173,20,32542814,A,G,0.6586,-0.0107,0.0018,5.00E-09,689601
rs17091470,20,32606299,T,G,0.92546,0.0015,0.0033,0.64,692573
rs6142096,20,32686658,A,G,0.5278,0.0137,0.0017,1.80E-15,690983
rs1015363,20,32738335,A,G,0.5556,-0.0024,0.0017,0.16,687260
rs1015362,20,32738612,T,C,0.2869,-0.0038,0.0019,0.046,692525
rs6088529,20,33170752,A,C,0.342,0.001,0.0018,0.6,688940
rs6060151,20,33594226,T,G,0.6323,0.0029,0.0018,0.096,692591
rs13045538,20,33595525,T,C,0.95983,-0.0088,0.0052,0.087,560410
rs3746429,20,33703607,T,C,0.1734,0.011,0.0023,2.30E-06,692582
rs143384,20,34025756,A,G,0.5893,-7.00E-04,0.0017,0.69,794371
rs6088943,20,34420023,A,T,0.93896,0.011,0.0037,0.0028,686064
rs2425241,20,35018412,T,C,0.06741,-0.0197,0.0033,2.70E-09,689885
rs2143253,20,41987392,A,G,0.1189,-0.0188,0.0026,1.10E-12,684760
rs2425857,20,44914134,A,G,0.4409,0.0116,0.0017,2.80E-11,690825
rs6019482,20,47495560,T,C,0.1654,-0.0178,0.0023,2.80E-14,685234
rs17806379,20,51107290,T,C,0.1789,-0.0258,0.0022,1.50E-30,690043
rs1512065,20,53453326,A,G,0.2371,0.0138,0.0021,5.70E-11,670731
rs559267,20,54157497,A,G,0.6642,-0.0115,0.0017,3.00E-11,794315
rs6011457,20,61530915,A,T,0.4975,-0.0116,0.0017,2.70E-11,690692
rs310618,20,62127121,T,C,0.6712,-0.0108,0.0018,5.50E-09,709614
rs12625413,20,62380542,T,C,0.6551,-0.0079,0.0018,2.00E-05,682052
rs8567,20,62522315,A,G,0.5232,-0.009,0.0016,4.30E-08,784841
rs9979651,21,34153330,C,G,0.92949,-0.0165,0.0034,1.30E-06,689520
rs762147,21,39238610,A,G,0.2708,-0.0115,0.0019,3.30E-09,692496
rs13047416,21,40309436,C,G,0.6231,0.0154,0.0018,2.20E-17,683228
rs2836961,21,40627020,A,C,0.6165,-0.0102,0.0017,1.10E-09,793481
rs2838006,21,42653567,T,C,0.3617,-0.0126,0.0018,5.40E-12,686586
rs427943,21,46570896,A,C,0.4331,-0.017,0.0017,7.30E-23,712095
rs4820408,22,40604945,T,G,0.408,0.0151,0.0017,2.10E-19,794185
rs5750913,22,40640285,A,G,0.7535,-0.0012,0.0019,0.51,794052
rs9615905,22,48875699,T,C,0.45,0.011,0.0017,2.70E-10,690274