SNP,chr_name,chrom_start,Effect_allele,Other_allele,Freq_effect_allele,BETA,SE,pval.exposure,N
rs79113395,1,1590521,A,G,0.2668,-0.021,0.003,1.45e-12,262817
rs2803298,1,1846073,T,G,0.5397,0.0143,0.0023,7.035e-10,391064
rs112566467,1,39562627,T,C,0.2071,0.0204,0.0032,2.718e-10,262817
rs12121950,1,49710264,T,G,0.3355,0.0189,0.0025,2.028e-14,394836
rs630602,1,54728864,C,G,0.6068,0.0148,0.0024,4.552e-10,393983
rs12140153,1,62579891,T,G,0.0905,-0.0326,0.0047,2.873e-12,262817
rs2568958,1,72765116,A,G,0.6187,0.0227,0.0022,1.321e-24,431755
rs953567,1,74977425,A,G,0.5898,-0.0209,0.0022,1.173e-20,434546
rs12729914,1,77980235,T,C,0.8302,-0.024,0.0028,8.568e-18,428244
rs284227,1,82379446,T,C,0.7231,-0.0154,0.0025,8.598e-10,434749
rs2968487,1,96887370,T,C,0.2769,0.0173,0.0025,2.441e-12,417857
rs4379706,1,98322379,T,C,0.792,-0.0188,0.0027,5.502e-12,388529
rs11802147,1,108001307,A,G,0.6986,0.0151,0.0025,1.377e-09,394839
rs7550711,1,110082886,T,C,0.0283,0.0641,0.0068,3.368e-21,422979
rs12033257,1,112318484,A,G,0.6358,0.0168,0.0024,5.571e-12,387046
rs61813324,1,156049877,T,C,0.1308,0.0298,0.0039,3.598e-14,262817
rs2274319,1,156450873,T,C,0.3461,-0.0141,0.0024,3.907e-09,394921
rs12564992,1,174478100,A,G,0.8875,-0.0207,0.0035,2.367e-09,434785
rs543874,1,177889480,A,G,0.7768,-0.0576,0.0027,8.7e-100,434718
rs10797987,1,184651822,T,C,0.5118,-0.0156,0.0026,2.054e-09,262817
rs10920678,1,190239907,A,G,0.4244,0.0163,0.0022,7.46e-14,434469
rs4474229,1,195037001,A,G,0.3694,-0.0173,0.0027,1.64e-10,262817
rs2820295,1,201800868,A,G,0.3253,0.0214,0.0024,8.025e-19,394857
rs12042959,1,243533273,A,G,0.8646,0.0194,0.0032,2.325e-09,394909
rs17713879,2,254215,A,G,0.3481,-0.0116,0.0024,9.906e-07,394903
rs62106258,2,417167,T,C,0.9532,0.0989,0.0062,8.722e-58,262817
rs6548237,2,621461,A,C,0.1598,-0.0576,0.0029,4.43e-89,431436
rs12468070,2,6159981,T,C,0.2619,-0.0153,0.0026,1.957e-09,394836
rs10203386,2,25136866,A,T,0.45,0.0342,0.0023,2.518e-50,394804
rs17744531,2,25302846,A,G,0.2974,0.0274,0.0025,3.792e-27,394750
rs7579277,2,28996295,A,G,0.665,-0.016,0.0024,5.839e-11,394882
rs34606703,2,47014522,A,G,0.3586,-0.0186,0.0027,1.184e-11,262817
rs72618637,2,48953979,A,T,0.1897,-0.0209,0.0034,6.861e-10,262817
rs9636391,2,50201110,A,G,0.1583,0.0212,0.0031,7.077e-12,394903
rs7582359,2,55286681,A,G,0.3305,-0.0167,0.0025,9.958e-12,394738
rs1861412,2,58893065,A,G,0.4233,-0.0215,0.0023,9.126e-21,394912
rs1016287,2,59305625,T,C,0.304,0.0215,0.0024,4.388e-19,434702
rs185581,2,59880605,A,C,0.2079,0.0171,0.0029,4.189e-09,394925
rs13417156,2,62848319,T,C,0.5771,-0.0171,0.0023,4.078e-14,417314
rs2861685,2,67837553,T,C,0.5861,0.018,0.0026,1.052e-11,262817
rs12714199,2,86812549,T,C,0.6145,-0.0146,0.0023,5.124e-10,394916
rs11677607,2,100751150,T,C,0.246,-0.024,0.0027,2.873e-19,394858
rs264962,2,104308545,C,G,0.5443,0.0138,0.0023,1.209e-09,394921
rs6739199,2,105452326,T,C,0.2695,0.0159,0.0025,3.199e-10,394818
rs13002158,2,144021712,A,G,0.8125,-0.0208,0.0029,1.152e-12,394912
rs2381977,2,147847890,T,C,0.6102,-0.0159,0.0027,3.068e-09,262817
rs12692596,2,161265910,T,C,0.3605,0.0146,0.0023,9.742e-11,434752
rs1460676,2,164567689,T,C,0.8221,-0.0179,0.0029,1.05e-09,434766
rs12328675,2,165540800,T,C,0.8686,-0.0197,0.0033,3.979e-09,434785
rs10930502,2,172890588,A,G,0.6938,0.0144,0.0024,1.431e-09,434531
rs2119137,2,175017714,A,G,0.6631,-0.0142,0.0024,3.263e-09,394916
rs7588437,2,181575281,A,G,0.3672,-0.0176,0.0023,8.38e-15,434545
rs1470545,2,205365851,T,C,0.0369,0.0389,0.0057,1.246e-11,388141
rs11692326,2,208263279,T,C,0.2295,0.0156,0.0026,2.035e-09,431766
rs715,2,211543055,T,C,0.6964,-0.0188,0.0026,2.221e-13,366655
rs7599312,2,213413231,A,G,0.2746,-0.0159,0.0025,1.074e-10,434726
rs6436755,2,228999691,A,G,0.4328,0.013,0.0022,2.57e-09,434733
rs6720868,2,230663576,T,C,0.3063,0.0169,0.0024,4.646e-12,394828
rs10179086,2,232744209,T,C,0.792,-0.0162,0.0027,3.059e-09,394794
rs10440098,3,20578998,T,C,0.6028,0.0146,0.0024,8.765e-10,394430
rs9839267,3,42332624,T,G,0.893,0.0244,0.0036,1.09e-11,394071
rs113706999,3,44159156,A,T,0.0229,0.0553,0.0092,1.558e-09,262817
rs9862795,3,49915506,A,T,0.4775,-0.027,0.0026,5.3e-25,262817
rs3774573,3,53799960,T,C,0.7418,0.0169,0.0027,2.212e-10,394856
rs1916801,3,61187046,A,T,0.6199,0.017,0.0022,1.752e-14,430006
rs1452075,3,62481063,T,C,0.7318,0.0159,0.0025,1.469e-10,428309
rs716764,3,82646519,T,C,0.8306,0.02,0.003,4.894e-11,394918
rs13098327,3,85820181,A,G,0.1913,0.023,0.0027,5.128e-17,434750
rs1580099,3,94003603,A,C,0.5787,-0.0182,0.0023,6.698e-16,408935
rs1289736,3,107950892,T,C,0.5434,0.0139,0.0023,1.43e-09,394668
rs7428670,3,131579810,C,G,0.2691,0.0202,0.0026,3.09e-15,394927
rs7621025,3,136272246,T,C,0.2608,-0.02,0.0025,1.622e-15,434707
rs16851483,3,141275436,T,G,0.0728,0.0363,0.0046,2.278e-15,394844
rs355754,3,154024165,T,C,0.6041,-0.0142,0.0023,4.264e-10,416234
rs11924032,3,170735099,A,G,0.2516,0.0146,0.0025,4.453e-09,434777
rs247975,3,173107443,T,C,0.4659,-0.0182,0.0023,3.622e-15,388425
rs10513801,3,185822353,T,G,0.8778,0.0352,0.0032,1.259e-27,428353
rs1477887,4,18514827,A,G,0.4411,-0.0156,0.0023,1.688e-11,388489
rs28608644,4,20239663,A,G,0.8529,-0.0242,0.0037,7.625e-11,262817
rs34811474,4,25408838,A,G,0.222,-0.0317,0.0031,5.19e-24,262817
rs73213484,4,28489339,A,T,0.8566,0.025,0.0037,2.278e-11,262817
rs10938397,4,45182527,A,G,0.5712,-0.0315,0.0022,1.66e-45,434203
rs11727273,4,55509748,T,C,0.5549,-0.0169,0.0026,1.282e-10,262817
rs10002111,4,67815504,A,G,0.2244,0.0169,0.0028,9.261e-10,394914
rs12645001,4,96018337,A,G,0.3556,-0.0141,0.0024,4.109e-09,394771
rs7377083,4,102708997,A,C,0.433,0.0199,0.0024,3.834e-16,359906
rs13107325,4,103188709,T,C,0.0826,0.0452,0.0044,9.328e-25,434263
rs4834272,4,113313986,T,C,0.6866,-0.0143,0.0023,8.239e-10,434681
rs57800857,4,140863365,A,C,0.6334,0.0186,0.0027,1.069e-11,262817
rs13110266,4,162129844,A,G,0.4027,-0.0142,0.0022,1.546e-10,434749
rs6890310,5,27193573,A,G,0.294,-0.0154,0.0025,1.381e-09,394897
rs782971,5,43124688,A,G,0.7544,-0.0172,0.0025,4.89e-12,434760
rs1895407,5,63021638,T,C,0.5246,-0.0156,0.0023,6.608e-12,394927
rs7701842,5,64074730,A,T,0.4907,0.0142,0.0023,5.945e-10,394928
rs249612,5,66200783,T,C,0.7128,0.0172,0.0029,2.803e-09,262817
rs2112347,5,75015242,T,G,0.6296,0.0309,0.0023,2.128e-42,434716
rs10942267,5,80841914,A,G,0.6943,0.0162,0.0025,5.85e-11,394898
rs323742,5,86769015,A,T,0.9685,-0.0439,0.0073,1.827e-09,387767
rs992623,5,87840688,A,G,0.1726,-0.0187,0.0029,7.362e-11,430113
rs10514303,5,88045029,A,C,0.0776,0.0354,0.0044,4.55e-16,392926
rs10038055,5,88783421,T,G,0.3638,0.0173,0.0027,2.681e-10,262817
rs6885199,5,92574633,A,G,0.0361,0.039,0.0064,8.515e-10,377514
rs7713317,5,95716722,A,G,0.7199,-0.0153,0.0024,2.696e-10,433157
rs2916577,5,107316863,A,G,0.8496,0.0272,0.0031,3.869e-18,394820
rs459552,5,112176756,A,T,0.7751,-0.0155,0.0026,4.547e-09,431825
rs4895231,5,119388659,C,G,0.4684,0.0143,0.0023,9.262e-10,393536
rs329120,5,133861756,T,C,0.4088,-0.0146,0.0024,7.613e-10,369151
rs13174863,5,139080745,A,G,0.8543,-0.027,0.0031,4.533e-18,427624
rs2074613,5,139714564,T,C,0.5669,0.0151,0.0023,5.484e-11,393481
rs7701886,5,153547409,A,G,0.5435,-0.0161,0.0023,2.379e-12,394927
rs2053682,5,170599327,A,C,0.6776,0.0183,0.0025,1.888e-13,394072
rs2228213,6,12124855,A,G,0.3374,-0.0148,0.0023,9.209e-11,434761
rs9367369,6,13189941,A,G,0.7095,0.0173,0.0029,2.322e-09,262817
rs3806114,6,20482335,A,G,0.6943,-0.0141,0.0024,4.485e-09,433865
rs3130048,6,31613739,T,C,0.7326,-0.0204,0.0024,7.831e-17,433566
rs2744968,6,34584951,A,C,0.7898,-0.0301,0.0028,3.524e-27,390686
rs13196785,6,34808821,C,G,0.1143,0.0154,0.0037,2.877e-05,394074
rs1579557,6,40371918,T,C,0.288,0.0212,0.0025,3.089e-17,394832
rs35679149,6,43604167,A,G,0.9742,0.0503,0.0083,1.184e-09,262817
rs2153615,6,46375326,A,G,0.4459,-0.0161,0.0023,2.422e-12,394668
rs2635727,6,50820940,T,C,0.245,-0.0259,0.0025,8.469e-25,434751
rs943005,6,50865820,T,C,0.1472,0.0398,0.0029,1.992e-43,434779
rs901630,6,98539519,T,C,0.4156,-0.0148,0.0022,4.559e-11,434470
rs1417665,6,104816944,T,C,0.8017,0.0199,0.0029,5.683e-12,394891
rs3800230,6,108998128,T,G,0.8793,0.0227,0.0035,7.567e-11,394906
rs2357760,6,120213880,A,G,0.6732,0.0159,0.0023,1.091e-11,434770
rs198665,6,143154886,A,C,0.3936,0.0134,0.0023,4.417e-09,434741
rs13191362,6,163033350,A,G,0.8551,0.0208,0.0034,6.397e-10,434660
rs4307239,7,24354300,A,G,0.5357,-0.0141,0.0023,1.311e-09,394329
rs10499694,7,50614173,A,G,0.4938,0.0136,0.0022,3.986e-10,434721
rs1035010,7,69598328,T,C,0.247,0.0154,0.0027,6.023e-09,369162
rs10237317,7,70045941,A,G,0.588,-0.0138,0.0022,6.824e-10,434342
rs10950289,7,71429308,A,G,0.8391,0.0212,0.0036,4.595e-09,262817
rs6944634,7,75061769,C,G,0.7967,-0.0221,0.0027,7.38e-16,406086
rs2528531,7,93236510,A,C,0.6506,-0.0145,0.0024,1.347e-09,394445
rs2299383,7,103418846,T,C,0.3952,0.0182,0.0022,2.728e-16,431775
rs1524445,7,113035833,T,C,0.4172,-0.0199,0.0027,9.799e-14,262817
rs12705916,7,113492834,T,C,0.6175,-0.0169,0.0024,1.622e-12,390045
rs12705979,7,114334571,T,C,0.4773,0.0157,0.0023,6.123e-12,394891
rs2968864,7,150622162,T,C,0.7563,0.0163,0.0027,9.345e-10,394656
rs1025395,8,8836603,C,G,0.4412,0.0165,0.0023,8.417e-13,394756
rs12681792,8,62054463,A,C,0.2036,0.0183,0.0029,2.609e-10,394464
rs890235,8,64716469,A,G,0.5451,0.0144,0.0023,4.077e-10,394852
rs7845090,8,73449940,A,G,0.7034,-0.023,0.0029,1.504e-15,262817
rs17405819,8,76806584,T,C,0.683,0.0218,0.0024,7.812e-20,434761
rs12681744,8,77174390,A,G,0.5135,-0.0191,0.0023,6.086e-17,394827
rs2721965,8,116662038,A,C,0.669,0.0186,0.0024,2.096e-14,394920
rs2105054,9,11425445,T,C,0.4398,-0.014,0.0023,1.165e-09,394880
rs4740619,9,15634326,T,C,0.5433,0.0196,0.0022,3.013e-19,434674
rs73646205,9,16724055,A,T,0.167,0.0237,0.0035,1.933e-11,262817
rs16912921,9,28413461,A,C,0.3133,0.0249,0.0023,1.563e-26,433055
rs1932133,9,29750167,A,C,0.5857,0.0139,0.0022,2.671e-10,434698
rs308499,9,37348059,C,G,0.5981,0.018,0.0024,2.152e-14,394884
rs1329733,9,92208227,A,G,0.5312,-0.0162,0.0023,1.927e-12,394704
rs7024334,9,109072075,T,G,0.226,0.0159,0.0026,1.63e-09,432154
rs1928295,9,120378483,T,C,0.5711,0.016,0.0022,2.848e-13,434694
rs2274782,9,127084074,T,C,0.3592,0.0149,0.0024,3.375e-10,394910
rs10819190,9,129408513,A,G,0.3809,0.0136,0.0024,1.098e-08,394406
rs867560,9,129465233,C,G,0.5694,-0.0142,0.0023,5.557e-10,394888
rs3003612,9,130988616,T,C,0.5553,-0.0149,0.0023,1.307e-10,391304
rs7084454,10,21821274,A,G,0.3064,0.0225,0.0025,7.426e-20,388449
rs34930419,10,33987329,T,C,0.9682,-0.0458,0.0076,1.371e-09,262817
rs10823893,10,53677313,A,G,0.4056,0.0175,0.0027,5.215e-11,262817
rs10761785,10,65318766,T,G,0.5139,-0.0172,0.0022,4.17e-15,434558
rs12098284,10,76047464,T,C,0.1204,0.0205,0.0035,3.717e-09,391545
rs10824347,10,77645229,A,T,0.7707,0.0176,0.0027,5.465e-11,394912
rs1249150,10,79980507,A,G,0.7122,0.0157,0.0025,4.395e-10,394889
rs7899106,10,87410904,A,G,0.9495,-0.0375,0.005,7.649e-14,434528
rs563296,10,99772404,A,G,0.5578,0.0175,0.0024,8.846e-14,369147
rs7083450,10,103984060,T,C,0.8296,0.0185,0.003,9.258e-10,434771
rs4506565,10,114756041,A,T,0.7007,0.0146,0.0024,5.353e-10,433869
rs10886017,10,118672531,A,C,0.2402,0.0166,0.0025,3.891e-11,434522
rs1561589,10,126695673,A,G,0.3609,0.0158,0.0023,4.238e-12,434602
rs4880341,10,133992689,T,C,0.5716,-0.0143,0.0023,4.526e-10,394699
rs4929923,11,8639200,T,C,0.3365,-0.0221,0.0023,2.507e-22,434437
rs11824092,11,13346294,T,C,0.3482,-0.0162,0.0024,1.717e-11,394534
rs6265,11,27679916,T,C,0.1829,-0.0368,0.0028,7.952e-40,434768
rs1401635,11,27693991,C,G,0.3329,0.0291,0.0023,1.414e-35,431394
rs2452141,11,29230734,A,T,0.3613,-0.014,0.0023,6.856e-10,430864
rs2862961,11,43656535,A,G,0.6991,-0.0239,0.0025,5.299e-22,393989
rs11038428,11,45404318,T,G,0.2804,-0.0149,0.0024,8.804e-10,432783
rs7124681,11,47529947,A,C,0.4175,0.0247,0.0022,9.267e-29,434712
rs34292685,11,64049021,T,C,0.1572,-0.0244,0.0036,1.084e-11,262817
rs947791,11,65302893,A,G,0.2135,0.0204,0.0028,5.881e-13,394647
rs592483,11,69445173,T,C,0.5942,-0.0147,0.0022,4.728e-11,432762
rs2605603,11,93221105,A,G,0.4805,-0.0132,0.0022,1.396e-09,434718
rs2212450,11,112826867,T,C,0.5712,0.0146,0.0023,3.7e-10,394665
rs1048932,11,115044850,A,C,0.4397,-0.0182,0.0022,2.523e-16,434552
rs1003081,11,118913993,T,C,0.4349,0.0144,0.0022,6.268e-11,434157
rs11218510,11,121922587,A,G,0.3948,-0.017,0.0027,2.644e-10,262817
rs10892873,11,122535333,C,G,0.3609,0.0143,0.0024,2.01e-09,394691
rs4459316,11,130756176,T,C,0.5508,-0.0154,0.0023,2.329e-11,394919
rs2187449,11,133712682,A,G,0.7653,0.0164,0.0028,3.661e-09,392465
rs12364470,11,134601012,T,G,0.855,-0.02,0.003,2.537e-11,431037
rs11611246,12,939480,T,G,0.1991,0.0212,0.0027,1.266e-14,428828
rs7976757,12,19207948,T,C,0.1768,-0.0192,0.003,2.937e-10,394397
rs16926778,12,24002125,C,G,0.0771,0.026,0.0043,1.409e-09,394675
rs11181001,12,41948196,A,G,0.4815,0.0133,0.0022,1.557e-09,434306
rs7138803,12,50247468,A,G,0.3881,0.0291,0.0023,9.701e-38,434762
rs10783779,12,56491880,T,G,0.6006,0.0142,0.0024,2.063e-09,388526
rs7975187,12,60964108,A,G,0.7692,-0.0169,0.0028,1.222e-09,394880
rs645026,12,69757931,A,G,0.7435,-0.016,0.0026,4.793e-10,394929
rs704061,12,89771903,T,C,0.5555,-0.0156,0.0023,1.005e-11,388488
rs923724,12,99639930,C,G,0.6188,-0.0156,0.0024,5.744e-11,394687
rs6539064,12,103706754,C,G,0.7475,0.019,0.0026,2.773e-13,394811
rs1895941,12,108332994,A,G,0.2585,-0.0175,0.0026,8.193e-12,434722
rs6606686,12,110903380,C,G,0.6981,-0.0178,0.0023,2.502e-14,434711
rs6490117,12,117599349,C,G,0.5331,-0.0147,0.0023,1.838e-10,394865
rs7961979,12,121671261,A,C,0.1328,0.0208,0.0035,2.395e-09,394833
rs6489156,12,123100397,T,C,0.7336,0.0222,0.0026,9.972e-18,394897
rs7133378,12,124409502,A,G,0.334,0.0158,0.0024,1.85e-11,433002
rs1967772,13,28036062,A,G,0.2706,-0.0165,0.0026,1.122e-10,394540
rs7318817,13,28617708,T,C,0.6313,-0.0141,0.0024,2.154e-09,394927
rs1933440,13,28676971,A,C,0.8392,-0.0224,0.0036,5.375e-10,262817
rs9595908,13,33184288,T,C,0.6435,0.0144,0.0023,2.335e-10,434676
rs12429545,13,54102206,A,G,0.1204,0.0291,0.0033,1.086e-18,429577
rs12431244,13,58630651,T,G,0.2455,-0.0216,0.0027,1.216e-15,394923
rs9540493,13,66205704,A,G,0.4573,0.0143,0.0022,1.718e-10,433200
rs9571687,13,67472713,A,C,0.3417,-0.0145,0.0024,3.236e-09,394895
rs77432547,13,86494817,A,G,0.7236,-0.0175,0.0029,2.284e-09,262817
rs1927790,13,96922191,T,C,0.6083,-0.0135,0.0022,1.27e-09,434716
rs7335249,13,109962579,T,C,0.5578,0.0135,0.0023,4.906e-09,394619
rs2754084,14,25888677,A,G,0.524,-0.0168,0.0023,2.291e-13,394893
rs1569979,14,29681294,A,G,0.774,0.023,0.0027,1.565e-17,394921
rs8016859,14,30484722,C,G,0.0375,0.036,0.0058,3.825e-10,427602
rs17522122,14,33302882,T,G,0.4667,0.0167,0.0022,6.455e-14,430166
rs7141420,14,79899454,T,C,0.5493,0.021,0.0022,7.842e-22,434698
rs1285997,14,91513029,C,G,0.2884,-0.015,0.0025,3.184e-09,391489
rs942066,14,94031914,A,G,0.3742,-0.0202,0.0027,1.044e-13,262817
rs7147503,14,101539384,T,C,0.3469,-0.0143,0.0024,1.909e-09,394908
rs4906263,14,103249127,C,G,0.6563,-0.0169,0.0024,3.054e-12,394842
rs709400,14,104149475,A,G,0.6212,0.0184,0.0023,4.409e-16,434772
rs8038522,15,46585105,T,G,0.4126,-0.014,0.0023,1.27e-09,394897
rs6493498,15,51754451,T,C,0.4455,0.0163,0.0022,1.528e-13,434352
rs340025,15,60908307,T,C,0.4072,-0.014,0.0022,3.815e-10,434708
rs3865018,15,67892766,T,C,0.2655,-0.0213,0.0025,1.131e-17,434596
rs12914489,15,74187937,A,G,0.0809,0.0227,0.0036,1.641e-10,434581
rs11856579,15,78012688,A,G,0.261,-0.017,0.0026,1.138e-10,391152
rs12593036,15,81058652,A,G,0.6899,0.0154,0.0025,6.645e-10,394723
rs11073383,15,95274349,A,G,0.4798,-0.0159,0.0023,3.256e-12,394794
rs7200589,16,349331,A,G,0.2618,-0.0189,0.0026,3.529e-13,394254
rs7185966,16,4022703,A,G,0.2393,-0.0208,0.0031,1.627e-11,262817
rs2239304,16,4037394,A,G,0.2644,-0.0128,0.0027,1.409e-06,394473
rs2075466,16,4872970,C,G,0.2744,0.0162,0.0026,4.289e-10,394665
rs12446632,16,19935389,A,G,0.1372,-0.0375,0.0032,3.013e-32,431700
rs11074446,16,20255123,T,C,0.8517,0.0206,0.0032,1.247e-10,428356
rs9929792,16,20371075,A,T,0.5018,0.0186,0.0023,3.801e-16,394863
rs7186893,16,24806420,T,G,0.2634,-0.0166,0.0026,2.072e-10,394398
rs7498665,16,28883241,A,G,0.6194,-0.0264,0.0022,1.939e-32,433713
rs11642612,16,30030195,A,C,0.5939,-0.0228,0.0023,1.076e-22,394925
rs76488452,16,53756885,A,G,0.9476,-0.0166,0.0059,0.004737,262817
rs1121980,16,53809247,A,G,0.4385,0.0673,0.0022,1.49e-206,434341
rs13337696,16,53829192,T,C,0.0228,-0.0244,0.0077,0.001609,409360
rs9302652,16,53865975,T,C,0.7362,-0.0213,0.0025,8.915e-18,426229
rs5011579,16,69187318,C,G,0.2828,-0.0176,0.0029,1.435e-09,262817
rs11866219,16,69549749,A,C,0.4224,0.0212,0.0024,2.335e-19,394643
rs811054,16,72251132,T,C,0.5331,0.0162,0.0022,3.178e-13,433837
rs13330107,16,76878862,A,G,0.3542,0.0141,0.0024,4.534e-09,394323
rs2012502,16,81728081,A,C,0.3841,0.0153,0.0023,2.966e-11,433338
rs4790292,17,1824305,A,C,0.1474,-0.0263,0.0033,1.654e-15,382930
rs3026101,17,5280440,T,C,0.7227,-0.016,0.0024,1.105e-11,434759
rs1075901,17,15943910,T,C,0.4523,-0.0144,0.0022,4.356e-11,434779
rs1320251,17,21264396,T,C,0.4552,-0.0169,0.0023,2.124e-13,392783
rs2306593,17,34866546,T,C,0.4918,-0.0164,0.0023,7.582e-13,394849
rs208015,17,46252346,T,C,0.0701,0.0348,0.0045,1.215e-14,394847
rs9906944,17,47091420,T,C,0.355,-0.019,0.0024,7.254e-15,394129
rs7211966,17,54374611,T,C,0.0287,-0.047,0.008,4.885e-09,387308
rs11649864,17,56093061,A,G,0.0853,0.0246,0.0041,1.776e-09,382803
rs8075273,17,61728881,A,C,0.2895,-0.016,0.0024,5.559e-11,434633
rs12449442,17,65947640,A,G,0.2221,0.0163,0.0027,2.222e-09,431746
rs2619976,17,71754545,T,C,0.3993,0.0146,0.0024,6.174e-10,393654
rs9910745,17,78610543,T,C,0.4465,-0.0186,0.0023,7.437e-16,394410
rs4076427,17,79087537,C,G,0.3969,-0.0147,0.0024,8.925e-10,391628
rs7238896,18,1840658,A,G,0.8589,-0.0234,0.0038,7.125e-10,262817
rs1808579,18,21104888,T,C,0.4805,-0.0198,0.0022,9.438e-20,434711
rs11660335,18,22154235,T,C,0.8245,0.019,0.0029,1.201e-10,394901
rs16975921,18,39914870,A,T,0.6949,-0.0163,0.0025,3.87e-11,394906
rs1518159,18,40760146,T,C,0.2502,-0.0189,0.0026,6.664e-13,394806
rs7239114,18,45921214,A,G,0.5415,0.0155,0.0022,3.897e-12,428092
rs8092503,18,52479487,A,G,0.7694,-0.015,0.0026,7.698e-09,430131
rs613872,18,53210302,T,G,0.8277,0.0194,0.0031,2.463e-10,394802
rs6567160,18,57829135,T,C,0.7509,-0.0567,0.0026,8.74e-108,434692
rs9675886,18,57969322,A,G,0.7079,-0.0335,0.0024,7.719e-43,434678
rs2229616,18,58039276,T,C,0.019,-0.1018,0.008,2.794e-37,416943
rs10871589,18,63285783,A,G,0.6773,-0.0179,0.0028,1.891e-10,262817
rs3746038,19,1852494,T,C,0.2177,-0.0184,0.0028,1.112e-10,391610
rs350818,19,4086807,A,G,0.2315,-0.0171,0.0028,1.085e-09,371585
rs273504,19,18215247,A,G,0.5763,-0.0151,0.0023,1.27e-10,394593
rs12984770,19,18467398,A,C,0.7312,0.0198,0.003,3.919e-11,262817
rs11668500,19,18836674,C,G,0.5072,0.0214,0.0026,5.314e-16,262817
rs12462975,19,30272202,A,G,0.3247,0.0203,0.0025,2.629e-16,394254
rs7247614,19,33953354,T,G,0.6912,-0.0161,0.0025,2.402e-10,394924
rs29939,19,34310800,A,G,0.3279,-0.0162,0.0024,3.682e-11,394917
rs6857,19,45392254,T,C,0.1653,-0.0264,0.0031,4.563e-17,392689
rs11672660,19,46180184,T,C,0.1867,-0.0321,0.0028,5.932e-31,426392
rs7259070,19,47562509,T,C,0.4119,-0.0192,0.0027,1.059e-12,262817
rs1884389,20,1410582,T,C,0.4397,-0.014,0.0023,1.201e-09,394805
rs1884897,20,6612832,A,G,0.3749,-0.0169,0.0023,9.056e-14,434720
rs947088,20,17171373,T,G,0.7367,0.0164,0.0026,1.912e-10,394776
rs1409818,20,21381121,T,C,0.1082,0.0252,0.0037,1.584e-11,394872
rs17806224,20,51065854,A,G,0.1809,-0.0289,0.003,3.521e-22,394929
rs2837992,21,42620520,T,C,0.3704,-0.0139,0.0024,4.38e-09,394899
rs2838769,21,46492270,A,G,0.1749,-0.0135,0.0028,1.43e-06,434712
rs427943,21,46570896,A,C,0.4277,-0.0177,0.0023,1.369e-14,405392
rs12484438,22,40558064,T,C,0.6504,0.0152,0.0024,3.581e-10,394852
rs139531,22,41676176,A,G,0.7435,0.0154,0.0026,2.415e-09,394868
