SNP,chr_name,chrom_start,Effect_allele,Other_allele,Freq_effect_allele,BETA,SE,pval.exposure,N,id.exposure
rs2993481,1,2973433,A,T,0.6533,-0.0218,0.003,6.206e-13,348954,FDXAqS
rs6688233,1,9335745,T,C,0.2382,0.028,0.0028,1.074e-23,348868,FDXAqS
rs1535179,1,23639009,A,G,0.9346,-0.0296,0.0048,4.616e-10,349047,FDXAqS
rs9436299,1,65892888,A,C,0.6571,0.0172,0.0026,2.931e-11,348011,FDXAqS
rs10494217,1,119469188,T,G,0.1697,0.0216,0.0031,2.562e-12,349082,FDXAqS
rs2645294,1,119574587,T,C,0.5574,0.0348,0.0023,2.862e-51,379355,FDXAqS
rs905938,1,154991389,T,C,0.7232,0.0322,0.0026,1.408e-34,378295,FDXAqS
rs10919388,1,170372503,A,C,0.2731,-0.0437,0.0026,2.125e-63,365205,FDXAqS
rs1894633,1,172331059,A,G,0.6614,-0.0298,0.0024,1.342e-34,379287,FDXAqS
rs12061508,1,196584468,A,G,0.21,0.0181,0.0029,2.337e-10,348603,FDXAqS
rs6691427,1,203510048,C,G,0.4899,-0.0223,0.0027,4.803e-17,262759,FDXAqS
rs2369633,1,205181062,T,C,0.0958,-0.0379,0.0041,3.762e-20,347133,FDXAqS
rs2791550,1,219655369,T,G,0.247,-0.0576,0.0024,1.04e-124,379470,FDXAqS
rs711869,2,13073967,A,G,0.557,-0.0174,0.0024,4.828e-13,348967,FDXAqS
rs71439172,2,25584162,A,G,0.1429,-0.0294,0.0038,1.987e-14,262759,FDXAqS
rs11694173,2,43590899,A,G,0.1767,0.0217,0.0029,6.753e-14,379471,FDXAqS
rs17326656,2,48962291,T,G,0.2348,0.0249,0.0028,9.436e-19,349046,FDXAqS
rs6719428,2,66238005,T,C,0.7045,-0.0254,0.0026,2.583e-22,349013,FDXAqS
rs2300481,2,66782467,T,C,0.3916,0.0211,0.0025,9.279e-18,342042,FDXAqS
rs4671193,2,67846288,T,C,0.3555,-0.0208,0.0025,3.439e-17,346831,FDXAqS
rs9678859,2,100288478,A,G,0.1818,0.0228,0.0031,1.618e-13,349079,FDXAqS
rs72837816,2,111916868,A,C,0.9022,0.0396,0.0045,9.512e-19,262759,FDXAqS
rs55920843,2,158412701,T,G,0.9888,0.117,0.0126,1.894e-20,262759,FDXAqS
rs1902032,2,158466273,T,C,0.9431,-0.0391,0.0051,1.922e-14,365879,FDXAqS
rs12328675,2,165540800,T,C,0.8703,0.0759,0.0035,8.92e-104,379304,FDXAqS
rs181031465,2,165657255,T,C,0.0141,0.0998,0.0118,2.693e-17,262759,FDXAqS
rs7585974,2,172377212,C,G,0.1824,0.0277,0.0034,7.283e-16,262759,FDXAqS
rs13404250,2,188116196,T,C,0.3285,-0.0238,0.0025,3.438e-22,379388,FDXAqS
rs74809942,2,191749705,T,C,0.9169,0.0288,0.0048,2.307e-09,262759,FDXAqS
rs2373078,2,218392555,T,C,0.0988,0.033,0.0038,8.824e-18,349037,FDXAqS
rs148358468,2,219590348,A,G,0.048,0.0431,0.0062,4.853e-12,262759,FDXAqS
rs1522811,2,226992454,A,C,0.226,-0.0229,0.0028,5.307e-16,349011,FDXAqS
rs56133301,3,12476555,A,G,0.0144,-0.1283,0.0115,6.679e-29,262759,FDXAqS
rs11716727,3,12489012,T,C,0.262,0.0348,0.003,3.236e-30,262759,FDXAqS
rs11129657,3,35636709,T,C,0.7928,-0.0185,0.0029,2.158e-10,349025,FDXAqS
rs12491473,3,46989904,A,G,0.4162,-0.022,0.0027,3.461e-16,262759,FDXAqS
rs11235,3,52745087,T,C,0.5402,-0.0244,0.0023,1.964e-25,371150,FDXAqS
rs76699125,3,64701535,T,C,0.9371,0.0589,0.0055,2.672e-26,262759,FDXAqS
rs3773240,3,78783084,T,C,0.2332,0.0173,0.0028,6.391e-10,349078,FDXAqS
rs1877569,3,99224544,A,G,0.1926,0.0188,0.0029,1.522e-10,379331,FDXAqS
rs9871235,3,107494345,A,G,0.6148,0.0144,0.0024,9.592e-10,378798,FDXAqS
rs12496583,3,123121286,A,G,0.7502,-0.0159,0.0026,1.197e-09,377124,FDXAqS
rs6795831,3,129341403,A,C,0.8163,0.052,0.003,4.652e-67,349057,FDXAqS
rs9848655,3,138108352,A,G,0.1564,0.0288,0.0031,4.297e-20,379427,FDXAqS
rs17451107,3,156797609,T,C,0.6167,0.0309,0.0024,3.501e-39,378494,FDXAqS
rs4894803,3,171800256,A,G,0.6013,0.0185,0.0024,3.137e-14,347816,FDXAqS
rs4686696,3,185516520,A,G,0.3138,0.0188,0.0024,1.171e-14,378818,FDXAqS
rs3843375,3,196813908,A,G,0.4062,0.0163,0.0027,1.567e-09,262759,FDXAqS
rs34311866,4,951947,T,C,0.8232,-0.0301,0.0035,8.735e-18,262759,FDXAqS
rs7679205,4,5003150,A,G,0.117,0.0244,0.0042,4.246e-09,262759,FDXAqS
rs10019888,4,26062990,A,G,0.8133,-0.0303,0.0031,2.038e-22,379327,FDXAqS
rs2153155,4,26357893,T,C,0.6491,-0.0182,0.0025,3.659e-13,349034,FDXAqS
rs10462028,4,56298300,A,G,0.3232,0.0277,0.0025,5.007e-28,348988,FDXAqS
rs9991328,4,89713121,T,C,0.4739,0.0405,0.0023,5.335e-70,379411,FDXAqS
rs988799,4,106126413,C,G,0.789,-0.0229,0.0029,3.136e-15,348893,FDXAqS
rs62319568,4,120362961,A,G,0.8559,-0.027,0.0038,9.657e-13,262759,FDXAqS
rs7680787,4,122624065,T,C,0.6478,0.0159,0.0024,2.389e-11,379105,FDXAqS
rs11727676,4,145659064,T,C,0.9108,-0.0339,0.0041,2.744e-16,367130,FDXAqS
rs2166365,5,3597830,A,G,0.7771,0.0175,0.0029,1.943e-09,348522,FDXAqS
rs2459732,5,4027324,T,C,0.4502,-0.018,0.0024,4.585e-14,349023,FDXAqS
rs3792751,5,32773314,T,C,0.3639,0.0178,0.0024,5.207e-14,379334,FDXAqS
rs17457629,5,38795199,A,T,0.7241,0.0185,0.0027,8.63e-12,348702,FDXAqS
rs3936510,5,55860866,T,G,0.1964,0.0491,0.0029,4.283e-64,378404,FDXAqS
rs6878122,5,76427311,A,G,0.6984,-0.0148,0.0025,4.821e-09,378152,FDXAqS
rs34781,5,102454439,T,C,0.3016,-0.018,0.0026,4.247e-12,346897,FDXAqS
rs1045241,5,118729286,T,C,0.2822,-0.0332,0.0026,4.11e-38,379319,FDXAqS
rs1029472,5,130867733,A,G,0.9406,-0.0351,0.0056,3.955e-10,262759,FDXAqS
rs72801474,5,132444128,A,G,0.0881,-0.0314,0.0047,2.119e-11,262759,FDXAqS
rs34000,5,141973501,T,C,0.6016,0.019,0.0025,1.145e-14,337124,FDXAqS
rs10463416,5,148572915,A,G,0.3566,0.0148,0.0024,1.729e-09,349010,FDXAqS
rs10054063,5,173392398,A,T,0.6957,-0.0318,0.0029,7.126e-28,262759,FDXAqS
rs931619,5,178514729,A,G,0.358,0.0145,0.0024,1.957e-09,379480,FDXAqS
rs1294420,6,6742752,T,C,0.5363,0.0293,0.0023,1.639e-37,379482,FDXAqS
rs6932767,6,14595873,T,G,0.792,0.0179,0.003,1.584e-09,349051,FDXAqS
rs2246954,6,31265262,A,G,0.4835,-0.0263,0.0024,2.499e-28,348220,FDXAqS
rs114760566,6,34192036,A,C,0.0433,0.1213,0.0065,4.363e-77,262759,FDXAqS
rs1316979,6,41708664,T,C,0.0651,0.0293,0.0047,5.456e-10,358342,FDXAqS
rs6905288,6,43758873,A,G,0.5736,0.0609,0.0024,3.87e-144,371948,FDXAqS
rs1902066,6,81346033,T,C,0.4457,-0.0214,0.0024,3.11e-19,349062,FDXAqS
rs2503100,6,100613915,A,G,0.835,-0.0364,0.0031,4.051e-31,349040,FDXAqS
rs1040848,6,109247307,A,T,0.7572,0.0189,0.0028,7.143e-12,349085,FDXAqS
rs12192658,6,112504240,A,G,0.0992,-0.0238,0.004,2.468e-09,344885,FDXAqS
rs139242696,6,127414440,T,C,0.976,-0.0594,0.0089,2.639e-11,262759,FDXAqS
rs72959041,6,127454893,A,G,0.0473,0.2165,0.0063,6.05e-255,262759,FDXAqS
rs605066,6,139829666,T,C,0.582,-0.0352,0.0024,3.518e-48,342698,FDXAqS
rs73005768,6,152021049,A,G,0.9576,-0.035,0.0066,1.008e-07,262759,FDXAqS
rs501470,6,160770918,T,G,0.5029,0.0247,0.0023,4.218e-27,377220,FDXAqS
rs10946205,6,167451311,A,G,0.5314,-0.0141,0.0024,2.847e-09,349103,FDXAqS
rs7798002,7,25860580,T,G,0.1963,0.0441,0.0029,3.791e-53,379378,FDXAqS
rs1534696,7,26397239,A,C,0.5691,-0.0395,0.0023,8.103e-64,374402,FDXAqS
rs2701013,7,37423214,T,G,0.6683,-0.0157,0.0025,5.848e-10,342568,FDXAqS
rs13223303,7,42692711,T,C,0.7067,0.0188,0.0029,1.261e-10,262759,FDXAqS
rs55747707,7,73037366,A,G,0.1982,-0.0355,0.0033,2.19e-26,262759,FDXAqS
rs13234914,7,84577411,A,G,0.6579,-0.0164,0.0025,6.377e-11,349043,FDXAqS
rs76306613,7,106235348,T,G,0.14,0.0231,0.0039,1.954e-09,262759,FDXAqS
rs11770285,7,107616011,C,G,0.9001,0.0361,0.0041,8.463e-19,349085,FDXAqS
rs7783857,7,130439058,C,G,0.731,-0.0315,0.0025,4.095e-35,378519,FDXAqS
rs1578916,7,150281975,T,C,0.2401,0.0183,0.0028,7.399e-11,349060,FDXAqS
rs7014168,8,10641965,A,G,0.2241,0.0169,0.0028,1.42e-09,377162,FDXAqS
rs4474021,8,12632903,T,G,0.3075,0.016,0.0025,1.53e-10,373137,FDXAqS
rs9644033,8,23610639,A,T,0.7544,0.0379,0.0028,3.001e-42,348884,FDXAqS
rs11992444,8,25464690,T,G,0.5085,0.0215,0.0027,7.288e-16,262759,FDXAqS
rs881299,8,38332249,T,C,0.5885,-0.0162,0.0027,1.894e-09,262759,FDXAqS
rs10101067,8,72407374,C,G,0.0698,0.0535,0.0045,5.669e-33,349081,FDXAqS
rs821107,8,89500663,A,C,0.2919,0.0208,0.0029,1.186e-12,262759,FDXAqS
rs10808546,8,126495818,T,C,0.4221,-0.0249,0.0023,3.367e-27,379405,FDXAqS
rs16935416,9,17235156,A,G,0.0955,-0.0258,0.0042,6.535e-10,349085,FDXAqS
rs10992447,9,95509733,T,C,0.1612,0.0243,0.0032,3.347e-14,349095,FDXAqS
rs2075665,9,101749943,A,T,0.6239,0.0164,0.0025,2.13e-11,348888,FDXAqS
rs10820747,9,107686823,A,G,0.2408,0.0381,0.0031,2.723e-34,262759,FDXAqS
rs9792666,9,107887738,A,G,0.9607,0.0659,0.0061,5.781e-27,342409,FDXAqS
rs17292540,9,119351429,C,G,0.224,-0.0179,0.0028,2.142e-10,349096,FDXAqS
rs28562046,9,139241595,C,G,0.2433,-0.0191,0.0031,6.835e-10,262759,FDXAqS
rs7086377,10,3596526,T,G,0.3944,0.0176,0.0024,3.601e-13,349068,FDXAqS
rs2474714,10,33495983,A,G,0.5657,0.0153,0.0024,1.547e-10,349060,FDXAqS
rs4934618,10,34167569,A,G,0.4196,0.0177,0.0024,3.662e-13,342346,FDXAqS
rs10761604,10,63819903,T,C,0.4444,0.0198,0.0023,3.134e-17,372022,FDXAqS
rs9415106,10,77295957,A,G,0.7127,0.0172,0.0026,6.705e-11,348956,FDXAqS
rs10887759,10,89603424,A,G,0.1593,0.0221,0.0033,1.051e-11,379406,FDXAqS
rs11187537,10,95346805,C,G,0.2621,0.0255,0.0027,9.549e-21,340573,FDXAqS
rs4285804,10,104386309,A,T,0.5528,0.0191,0.0023,1.068e-16,379387,FDXAqS
rs17101456,10,122875040,A,G,0.8799,-0.0368,0.0037,2.993e-23,340604,FDXAqS
rs1907218,10,122970216,T,C,0.3054,0.0183,0.0025,1.975e-13,378828,FDXAqS
rs140201358,11,823586,C,G,0.9867,-0.0977,0.0116,3.493e-17,262759,FDXAqS
rs2303975,11,14276999,A,G,0.1169,-0.0265,0.0035,7.564e-14,379382,FDXAqS
rs79634051,11,14561945,C,G,0.0268,-0.056,0.0082,1.074e-11,262759,FDXAqS
rs11605956,11,26212866,T,C,0.6946,0.0186,0.0029,1.277e-10,262759,FDXAqS
rs11603150,11,36373869,T,C,0.6866,0.0228,0.0029,1.941e-15,262759,FDXAqS
rs56271783,11,64004723,C,G,0.0443,0.0885,0.0065,1.108e-41,262759,FDXAqS
rs12796060,11,69168148,A,G,0.8698,-0.028,0.0038,7.722e-14,336454,FDXAqS
rs7395513,11,69262756,A,G,0.439,-0.027,0.0027,1.103e-23,262759,FDXAqS
rs10891290,11,111605215,T,C,0.6448,0.0276,0.0024,2.236e-29,349034,FDXAqS
rs747249,11,130271647,A,G,0.3597,0.0161,0.0025,1.019e-10,348907,FDXAqS
rs10842707,12,26471364,T,C,0.2039,0.048,0.0028,4.483e-68,379463,FDXAqS
rs4246243,12,27518517,A,C,0.4863,-0.0159,0.0024,2.285e-11,348915,FDXAqS
rs10880823,12,45986738,T,C,0.7647,-0.0229,0.0028,5.993e-16,348730,FDXAqS
rs3803042,12,54387947,A,G,0.4304,0.0303,0.0024,5.363e-36,348241,FDXAqS
rs4130827,12,66430452,T,G,0.7053,-0.024,0.0027,6.686e-19,341613,FDXAqS
rs12817549,12,94121314,T,C,0.5521,-0.0164,0.0023,1.05e-12,379356,FDXAqS
rs12369214,12,107198611,A,G,0.394,0.02,0.0025,3.985e-16,348554,FDXAqS
rs6633,12,123745809,T,G,0.1978,-0.0266,0.003,9.996e-19,340355,FDXAqS
rs952632,12,124469738,A,G,0.6568,0.0563,0.0025,2.8e-111,348976,FDXAqS
rs1340819,13,29145323,A,C,0.6624,0.0149,0.0024,7.036e-10,378579,FDXAqS
rs20478,13,44686064,A,G,0.0982,0.0259,0.004,1.065e-10,349083,FDXAqS
rs797486,13,51221618,A,C,0.8936,0.0376,0.0035,4.316e-27,379476,FDXAqS
rs552125,13,110938813,T,C,0.1183,-0.0221,0.0035,2.045e-10,370720,FDXAqS
rs1057119,14,23746269,C,G,0.7734,0.0183,0.0029,2.971e-10,346015,FDXAqS
rs7154498,14,58762532,C,G,0.2841,0.0233,0.003,2.564e-15,262759,FDXAqS
rs7492628,14,91547136,C,G,0.6796,-0.0287,0.0026,1.448e-28,348877,FDXAqS
rs2925128,14,98362355,T,C,0.3683,-0.0201,0.0024,2.396e-16,346888,FDXAqS
rs12441543,15,31689543,A,G,0.2896,-0.0204,0.0026,6.379e-15,348197,FDXAqS
rs890498,15,42111298,C,G,0.6539,-0.0205,0.0025,5.272e-16,348420,FDXAqS
rs12591294,15,56525994,T,C,0.7847,-0.0267,0.0029,1.857e-20,348993,FDXAqS
rs17184382,15,63792486,A,C,0.5708,0.0142,0.0023,1.303e-09,378210,FDXAqS
rs4243085,15,79057723,C,G,0.758,-0.0195,0.0031,3.597e-10,262759,FDXAqS
rs9674436,16,1342841,A,G,0.465,0.0171,0.0027,1.705e-10,262759,FDXAqS
rs1139653,16,4484396,A,T,0.2851,0.0202,0.0026,1.878e-14,348793,FDXAqS
rs7102,16,11642242,T,C,0.646,-0.0186,0.0024,1.267e-14,376198,FDXAqS
rs8054299,16,53498655,C,G,0.6859,0.0205,0.0026,1.873e-15,342676,FDXAqS
rs1073632,16,68248607,A,G,0.0422,-0.0371,0.0058,1.474e-10,348982,FDXAqS
rs2925979,16,81534790,T,C,0.296,0.045,0.0025,2.286e-72,378190,FDXAqS
rs727428,17,7537792,T,C,0.455,0.0186,0.0024,8.728e-15,348720,FDXAqS
rs2270445,17,8219478,A,G,0.5126,-0.0166,0.0024,3.292e-12,348830,FDXAqS
rs672356,17,18266567,A,G,0.2967,-0.0221,0.0029,2.944e-14,262759,FDXAqS
rs62070804,17,27889643,T,C,0.0175,0.0788,0.0102,9.661e-15,262759,FDXAqS
rs591939,17,40698075,A,G,0.7547,-0.0181,0.0031,4.394e-09,262759,FDXAqS
rs12185233,17,43923654,C,G,0.2132,0.0211,0.0028,5.038e-14,379448,FDXAqS
rs8074638,17,53731579,A,G,0.1919,0.021,0.0031,1.563e-11,348843,FDXAqS
rs8073599,17,65367094,T,C,0.3659,0.0143,0.0024,4.277e-09,379108,FDXAqS
rs1396514,17,68431026,T,C,0.5109,-0.0363,0.0023,1.542e-56,379450,FDXAqS
rs695115,18,2850548,T,C,0.2963,0.0181,0.0029,6.775e-10,262759,FDXAqS
rs8094261,18,20746728,C,G,0.7938,0.0187,0.0029,1.385e-10,379380,FDXAqS
rs11082430,18,42752377,C,G,0.7363,0.0168,0.0028,1.159e-09,349082,FDXAqS
rs71363019,18,47014122,T,C,0.0331,0.0455,0.0075,1.249e-09,262759,FDXAqS
rs12454712,18,60845884,T,C,0.6247,0.0312,0.0025,1.957e-36,358941,FDXAqS
rs1035942,19,7199803,A,G,0.2738,0.0225,0.0027,2.246e-17,348452,FDXAqS
rs1077795,19,17222584,A,G,0.7417,0.0199,0.003,6.108e-11,262759,FDXAqS
rs4531856,19,18388383,T,C,0.6414,-0.027,0.0025,1.657e-27,348225,FDXAqS
rs10401969,19,19407718,T,C,0.922,-0.0257,0.0044,4.465e-09,372707,FDXAqS
rs4081724,19,33824946,A,G,0.1389,-0.0397,0.0034,4.397e-32,378081,FDXAqS
rs5117,19,45418790,T,C,0.7667,0.027,0.0032,1.348e-17,262759,FDXAqS
rs8103017,19,55999142,C,G,0.7047,-0.0226,0.0029,1.475e-14,262759,FDXAqS
rs805768,20,5666891,T,C,0.24,0.0184,0.0031,4.653e-09,262759,FDXAqS
rs979012,20,6623374,T,C,0.3636,0.0204,0.0024,1.904e-17,379427,FDXAqS
rs2207132,20,39142516,A,G,0.0324,0.0694,0.0075,2.219e-20,262759,FDXAqS
rs1997833,20,39690342,T,C,0.7071,-0.0164,0.0025,7.945e-11,379283,FDXAqS
rs2236519,20,45529571,A,G,0.3679,0.0347,0.0025,6.995e-45,348658,FDXAqS
rs4371408,20,51024233,A,G,0.6348,0.0164,0.0025,1.941e-11,349102,FDXAqS
rs6062344,20,62696024,T,C,0.5003,-0.0252,0.0025,8.181e-25,328561,FDXAqS
rs2836162,21,39504356,A,G,0.6016,0.02,0.0024,1.954e-17,379379,FDXAqS
rs2294239,22,29449477,A,G,0.568,0.0256,0.0023,4.212e-28,379173,FDXAqS
rs5997898,22,31572963,A,C,0.42,-0.0141,0.0024,4.392e-09,349032,FDXAqS
